
-- data generated by /home/pguaglia/bin/datafiller version 2.0.0 (r792 on 2014-03-23) for postgresql

-- drop tables
DROP TABLE IF EXISTS payments;
DROP TABLE IF EXISTS invoices;
DROP TABLE IF EXISTS details;
DROP TABLE IF EXISTS orders;
DROP TABLE IF EXISTS products;
DROP TABLE IF EXISTS customers;

-- INPUT FILE BEGIN
-- df: null=0

CREATE TABLE Customers (
    custid   INTEGER PRIMARY KEY,
    cname    VARCHAR(14),
    country  CHAR(3)
);

CREATE TABLE Products (
    pcode    INTEGER PRIMARY KEY,
    pname    VARCHAR(10),
    pdesc    VARCHAR(20),
    price    NUMERIC(6,2)
);

CREATE TABLE Orders (
    ordid    INTEGER PRIMARY KEY,
    odate    DATE,
    ocust    INTEGER NOT NULL REFERENCES Customers
);

CREATE TABLE Details (
    ordid    INTEGER REFERENCES Orders,
    pcode    INTEGER REFERENCES Products,
    qty      SMALLINT,
    PRIMARY KEY (ordid, pcode)
);

CREATE TABLE Invoices (
    invid    INTEGER PRIMARY KEY,
    ordid    INTEGER NOT NULL UNIQUE REFERENCES Orders,
    amount   NUMERIC(8,2),
    issued   DATE,
    due      DATE
);

CREATE TABLE Payments (
    payid    INTEGER PRIMARY KEY,
    tstamp   TIMESTAMP,
    amount   NUMERIC(8,2),
    invid    INTEGER NOT NULL REFERENCES Invoices
);
-- INPUT FILE END

-- fill table customers (100)
\echo # filling table customers (100)
COPY customers (custid,cname,country) FROM STDIN (ENCODING 'UTF-8');
1	Ilene	GBR
2	Rupert	USA
3	Xochitl	CHN
4	Lorrine	USA
5	Porsche	GBR
6	Patrica	CHN
7	Twanna	ITA
8	James	GBR
9	Rigoberto	CHN
10	Rodney	USA
11	Carey	ITA
12	Colleen	GBR
13	Rasheeda	GBR
14	Troy	ITA
15	Cicely	ITA
16	Rivka	GBR
17	Leila	USA
18	Sharyn	JPN
19	Quinton	ITA
20	Clint	JPN
21	Latasha	CHN
22	Akiko	USA
23	Yvette	JPN
24	Lanny	ITA
25	Nona	JPN
26	Harriette	USA
27	Rosina	USA
28	James	ITA
29	Margarita	USA
30	Heriberto	USA
31	Exie	CHN
32	Lilian	USA
33	Meryl	ITA
34	Juliana	CHN
35	Tess	CHN
36	Johnathon	GBR
37	Arnita	CHN
38	Nova	GBR
39	Derek	GBR
40	Gloria	ITA
41	Ashlea	GBR
42	Jennifer	ITA
43	Dale	GBR
44	Lashanda	JPN
45	Barbara	GBR
46	Alina	CHN
47	Rachel	CHN
48	Miranda	GBR
49	Jackie	CHN
50	Faith	USA
51	Galina	USA
52	Michaele	ITA
53	Mack	ITA
54	Deane	ITA
55	Olivia	JPN
56	Lana	GBR
57	Juanita	GBR
58	Kenneth	USA
59	Dovie	JPN
60	Barbara	GBR
61	Clay	GBR
62	Jacob	CHN
63	Marcella	CHN
64	Armando	USA
65	Joseph	GBR
66	Elliot	USA
67	Golden	CHN
68	Matthew	USA
69	Daren	USA
70	Catheryn	GBR
71	Melba	CHN
72	Renna	GBR
73	Bernice	ITA
74	Marlys	CHN
75	Alise	CHN
76	Sharilyn	CHN
77	Gisela	ITA
78	Jennette	CHN
79	Mary	CHN
80	Rebekah	GBR
81	Wilbert	JPN
82	Nan	CHN
83	Lissa	CHN
84	Wallace	CHN
85	James	USA
86	Alonzo	USA
87	Lily	GBR
88	Marlin	USA
89	Gary	CHN
90	Goldie	JPN
91	Lynn	JPN
92	Shalon	ITA
93	Micha	ITA
94	Dennis	CHN
95	Heike	USA
96	James	CHN
97	Jason	JPN
98	Roderick	ITA
99	Cherilyn	GBR
100	Dorothy	ITA
\.

-- fill table products (1000)
\echo # filling table products (1000)
COPY products (pcode,pname,pdesc,price) FROM STDIN (ENCODING 'UTF-8');
1	pname_46	pdesc_793_793_793_79	519.95
2	pname_608	pdesc_874_874_874	221.7
3	pname_816	pdesc_871_871_871_87	1.41
4	pname_395	pdesc_495_495_495_49	26.65
5	pname_924_	pdesc_832_832_8	359.2
6	pname_60_6	pdesc_23_23_23_23	49.22
7	pname_3	pdesc_335_335_33	4.84
8	pname_771	pdesc_449_449_44	303.70
9	pname_4	pdesc_774_774_774_7	185.58
10	pname_77	pdesc_928_928_928	92.69
11	pname_726_	pdesc_571_571_571_57	262.47
12	pname_91	pdesc_210_210_210	95.85
13	pname_3	pdesc_846_846_846	20.80
14	pname_58	pdesc_475_475_47	359.42
15	pname_6	pdesc_405_405_405_40	108.64
16	pname_64_6	pdesc_553_553_55	51.33
17	pname_736_	pdesc_876_876_876	1.35
18	pname_211_	pdesc_528_528_528_5	58.48
19	pname_608	pdesc_820_820_820_8	206.20
20	pname_1	pdesc_542_542_542	1.58
21	pname_311	pdesc_577_577_577_57	1.73
22	pname_19	pdesc_601_601_60	260.24
23	pname_781	pdesc_103_103_103_10	885.33
24	pname_138_	pdesc_522_522_522_5	332.42
25	pname_826	pdesc_586_586_586_5	275.90
26	pname_5	pdesc_648_648_6	23.15
27	pname_3	pdesc_590_590_5	42.7
28	pname_8	pdesc_132_132_132	580.49
29	pname_957	pdesc_703_703_703_70	367.40
30	pname_446	pdesc_233_233_233_	812.77
31	pname_33	pdesc_25_25_25_25_2	1.22
32	pname_150_	pdesc_123_123_123_	704.47
33	pname_143	pdesc_546_546_546	113.60
34	pname_197	pdesc_158_158_1	10.40
35	pname_5	pdesc_395_395_39	24.21
36	pname_194_	pdesc_973_973_973_	25.27
37	pname_669_	pdesc_859_859_85	2.79
38	pname_1	pdesc_920_920_920	9.34
39	pname_17	pdesc_674_674_6	543.33
40	pname_379	pdesc_286_286_286_2	7.35
41	pname_537	pdesc_751_751_751_	250.61
42	pname_25	pdesc_224_224_224_2	12.22
43	pname_42	pdesc_304_304_304_3	17.52
44	pname_2	pdesc_96_96_96_9	167.96
45	pname_3	pdesc_185_185_185_	94.28
46	pname_47	pdesc_346_346_3	24.33
47	pname_517	pdesc_528_528_528_5	51.7
48	pname_5	pdesc_255_255_25	408.86
49	pname_128_	pdesc_535_535_535_	903.67
50	pname_93_	pdesc_895_895_895_	1.43
51	pname_215_	pdesc_922_922_922	360.21
52	pname_208	pdesc_5_5_5_5_5_	914.67
53	pname_264	pdesc_876_876_876	300.52
54	pname_6	pdesc_777_777_77	750.22
55	pname_826	pdesc_3_3_3_3_3_3_3_	9.91
56	pname_49	pdesc_32_32_32_32_	20.35
57	pname_593	pdesc_918_918_9	208.25
58	pname_2	pdesc_348_348_3	2.41
59	pname_183	pdesc_193_193_193_19	257.82
60	pname_817_	pdesc_357_357_357_35	46.83
61	pname_833_	pdesc_384_384_384	14.77
62	pname_640	pdesc_309_309_30	14.17
63	pname_6	pdesc_607_607_60	158.5
64	pname_17_	pdesc_631_631_63	14.77
65	pname_60	pdesc_3_3_3_3_3_3_3_	2.51
66	pname_4	pdesc_810_810_810	1.6
67	pname_35	pdesc_250_250_250_2	755.41
68	pname_94_	pdesc_487_487_487_	12.58
69	pname_769	pdesc_275_275_275_27	164.76
70	pname_49	pdesc_5_5_5_5_5_	34.57
71	pname_4	pdesc_706_706_706	942.95
72	pname_36	pdesc_317_317_317_	1.87
73	pname_30	pdesc_231_231_231_	1.19
74	pname_75	pdesc_726_726_7	560.51
75	pname_803_	pdesc_203_203_203_	991.75
76	pname_88	pdesc_209_209_209_	193.34
77	pname_826	pdesc_156_156_1	2.49
78	pname_5	pdesc_373_373_373_	452.29
79	pname_9	pdesc_743_743_74	5.37
80	pname_593	pdesc_299_299_299_	11.71
81	pname_5	pdesc_263_263_263_	5.89
82	pname_587	pdesc_862_862_8	379.17
83	pname_2	pdesc_881_881_88	943.31
84	pname_335	pdesc_363_363_36	9.12
85	pname_9	pdesc_646_646_6	1.18
86	pname_1	pdesc_440_440_440_4	1.54
87	pname_685_	pdesc_855_855_85	1.58
88	pname_872	pdesc_55_55_55_5	451.12
89	pname_492	pdesc_195_195_195_19	5.15
90	pname_4	pdesc_623_623_623_62	57.39
91	pname_822	pdesc_59_59_59_59_59	220.47
92	pname_64_6	pdesc_752_752_7	2.13
93	pname_73	pdesc_58_58_58_5	642.1
94	pname_75	pdesc_697_697_69	216.79
95	pname_2	pdesc_261_261_261_	35.54
96	pname_918_	pdesc_120_120_1	4.13
97	pname_10	pdesc_322_322_322	506.31
98	pname_352_	pdesc_436_436_436	9.31
99	pname_721	pdesc_109_109_109_10	1.71
100	pname_2	pdesc_663_663_66	307.36
101	pname_294	pdesc_109_109_109_10	485.88
102	pname_6	pdesc_791_791_791_79	1.28
103	pname_476	pdesc_91_91_91_91_91	1.58
104	pname_483_	pdesc_939_939_93	944.62
105	pname_42	pdesc_368_368_368_3	142.87
106	pname_5	pdesc_469_469_469_46	1.40
107	pname_21_2	pdesc_846_846_846	803.26
108	pname_412	pdesc_289_289_28	69.24
109	pname_47	pdesc_729_729_729_	686.65
110	pname_533	pdesc_593_593_593_	1.46
111	pname_16	pdesc_919_919_919_	15.79
112	pname_365	pdesc_759_759_759_	1.25
113	pname_254	pdesc_979_979_979_	57.57
114	pname_42	pdesc_606_606_606_6	415.90
115	pname_533	pdesc_606_606_606_6	535.14
116	pname_4	pdesc_373_373_373_	211.89
117	pname_590_	pdesc_565_565_565_	14.97
118	pname_712_	pdesc_408_408_408	44.89
119	pname_123	pdesc_381_381_381_38	23.23
120	pname_6	pdesc_478_478_478_4	148.22
121	pname_914_	pdesc_315_315_315_	621.22
122	pname_372_	pdesc_420_420_4	9.89
123	pname_5	pdesc_656_656_656	66.97
124	pname_8	pdesc_268_268_2	150.60
125	pname_326_	pdesc_318_318_3	1.85
126	pname_7	pdesc_299_299_299_	199.95
127	pname_5	pdesc_83_83_83_83	272.79
128	pname_103	pdesc_173_173_17	728.77
129	pname_85	pdesc_889_889_88	2.76
130	pname_3	pdesc_261_261_261_	846.71
131	pname_5	pdesc_52_52_52_5	1.53
132	pname_9	pdesc_679_679_679_	195.90
133	pname_923	pdesc_224_224_224_2	160.2
134	pname_862	pdesc_285_285_28	11.38
135	pname_42	pdesc_254_254_254_2	1.44
136	pname_601_	pdesc_471_471_47	638.77
137	pname_30	pdesc_468_468_468	285.24
138	pname_756_	pdesc_120_120_1	403.88
139	pname_11_	pdesc_119_119_11	1.69
140	pname_163	pdesc_901_901_90	7.79
141	pname_6	pdesc_41_41_41_41_4	636.97
142	pname_188_	pdesc_770_770_770_7	1.51
143	pname_4	pdesc_364_364_364_3	11.73
144	pname_369	pdesc_943_943_943_	9.83
145	pname_83	pdesc_771_771_77	444.32
146	pname_5	pdesc_320_320_320	40.94
147	pname_78	pdesc_856_856_856_8	63.89
148	pname_1	pdesc_363_363_36	7.4
149	pname_507	pdesc_84_84_84_	58.84
150	pname_9	pdesc_798_798_798	1.56
151	pname_92_	pdesc_705_705_705_70	2.58
152	pname_988_	pdesc_274_274_274	49.39
153	pname_64	pdesc_755_755_755_	764.71
154	pname_785	pdesc_309_309_30	814.78
155	pname_433_	pdesc_764_764_764	9.47
156	pname_95	pdesc_849_849_849_84	221.97
157	pname_964_	pdesc_55_55_55_5	12.33
158	pname_882	pdesc_146_146_146_1	56.21
159	pname_507	pdesc_464_464_464	1.32
160	pname_31	pdesc_831_831_831_	1.6
161	pname_8	pdesc_177_177_17	6.27
162	pname_795	pdesc_246_246_246	1.80
163	pname_3	pdesc_758_758_7	880.84
164	pname_4	pdesc_219_219_219_21	557.63
165	pname_95_	pdesc_619_619_619_	1.20
166	pname_49	pdesc_804_804_8	30.77
167	pname_896	pdesc_969_969_96	402.45
168	pname_7	pdesc_229_229_22	568.16
169	pname_92_	pdesc_234_234_2	114.31
170	pname_944_	pdesc_132_132_132	2.75
171	pname_268	pdesc_249_249_249_24	722.46
172	pname_83	pdesc_87_87_87_	3.65
173	pname_9	pdesc_343_343_343_	773.45
174	pname_472	pdesc_850_850_850_8	71.86
175	pname_578_	pdesc_20_20_20_20	544.3
176	pname_957	pdesc_406_406_406	629.89
177	pname_77	pdesc_87_87_87_	401.41
178	pname_61_6	pdesc_700_700_700	691.38
179	pname_9	pdesc_58_58_58_5	463.29
180	pname_41	pdesc_670_670_6	25.20
181	pname_3	pdesc_957_957_957_95	325.37
182	pname_326_	pdesc_310_310_3	1.81
183	pname_910_	pdesc_881_881_88	568.79
184	pname_271_	pdesc_986_986_986	448.59
185	pname_89	pdesc_887_887_88	474.31
186	pname_66	pdesc_927_927_927_92	41.35
187	pname_157	pdesc_740_740_740_7	395.34
188	pname_71	pdesc_85_85_85_85_8	47.13
189	pname_23	pdesc_259_259_25	130.21
190	pname_547	pdesc_115_115_11	15.59
191	pname_1	pdesc_146_146_146_1	133.80
192	pname_259_	pdesc_613_613_613_	598.67
193	pname_123	pdesc_883_883_88	6.90
194	pname_3	pdesc_977_977_977_	487.99
195	pname_590_	pdesc_869_869_869_	300.85
196	pname_4	pdesc_950_950_950	233.38
197	pname_9	pdesc_600_600_600_6	764.82
198	pname_8	pdesc_985_985_985_98	483.42
199	pname_3	pdesc_894_894_8	403.59
200	pname_42	pdesc_889_889_88	245.18
201	pname_84	pdesc_281_281_28	10.34
202	pname_231_	pdesc_157_157_157_	2.11
203	pname_36	pdesc_277_277_277_27	1.49
204	pname_77	pdesc_305_305_30	135.42
205	pname_5	pdesc_151_151_151_	217.55
206	pname_275_	pdesc_389_389_389_38	615.93
207	pname_91	pdesc_451_451_451_	11.40
208	pname_6	pdesc_746_746_746_7	54.1
209	pname_3	pdesc_7_7_7_7_7_7_	463.74
210	pname_62	pdesc_445_445_44	177.80
211	pname_530_	pdesc_78_78_78_78_78	212.39
212	pname_59	pdesc_180_180_1	57.83
213	pname_887_	pdesc_311_311_311_	2.38
214	pname_40	pdesc_935_935_93	57.38
215	pname_386_	pdesc_728_728_7	5.64
216	pname_3	pdesc_685_685_685_68	4.32
217	pname_389	pdesc_940_940_9	686.16
218	pname_74	pdesc_176_176_176_1	2.60
219	pname_5	pdesc_486_486_4	10.41
220	pname_5	pdesc_337_337_33	481.25
221	pname_20	pdesc_857_857_85	826.41
222	pname_1	pdesc_561_561_561_	4.85
223	pname_57	pdesc_520_520_520_5	27.49
224	pname_503	pdesc_597_597_597_	7.33
225	pname_81	pdesc_107_107_107_10	3.17
226	pname_904_	pdesc_769_769_769_76	97.52
227	pname_715	pdesc_198_198_198	1.39
228	pname_785	pdesc_277_277_277_27	188.52
229	pname_86	pdesc_729_729_729_	1.2
230	pname_648	pdesc_783_783_783_	1.38
231	pname_3	pdesc_691_691_69	102.77
232	pname_315	pdesc_60_60_60_60_6	56.23
233	pname_1	pdesc_176_176_176_1	117.83
234	pname_5	pdesc_108_108_108	415.74
235	pname_857_	pdesc_576_576_576	712.86
236	pname_234	pdesc_314_314_3	960.67
237	pname_8	pdesc_530_530_5	1.29
238	pname_8	pdesc_1_1_1_1_1_1_	183.68
239	pname_92	pdesc_334_334_334_3	322.72
240	pname_301	pdesc_340_340_3	6.12
241	pname_590_	pdesc_862_862_8	77.36
242	pname_99	pdesc_639_639_63	1.62
243	pname_8	pdesc_236_236_2	223.10
244	pname_80	pdesc_416_416_416_4	669.97
245	pname_671_	pdesc_716_716_716_7	1.54
246	pname_631_	pdesc_987_987_987_98	447.68
247	pname_988_	pdesc_187_187_187_	11.19
248	pname_8	pdesc_349_349_349_	12.8
249	pname_91	pdesc_332_332_332_3	557.39
250	pname_83	pdesc_962_962_962_9	945.8
251	pname_52	pdesc_768_768_768	3.15
252	pname_5	pdesc_663_663_66	1.66
253	pname_89	pdesc_451_451_451_	520.87
254	pname_239_	pdesc_508_508_5	16.23
255	pname_83	pdesc_148_148_148_1	338.22
256	pname_22_2	pdesc_652_652_652	1.86
257	pname_83	pdesc_869_869_869_	8.55
258	pname_7	pdesc_397_397_39	253.6
259	pname_59	pdesc_411_411_41	385.17
260	pname_88	pdesc_676_676_6	12.85
261	pname_1	pdesc_442_442_442_4	63.11
262	pname_518_	pdesc_704_704_704	238.77
263	pname_275_	pdesc_324_324_324	643.29
264	pname_7	pdesc_959_959_959_95	249.75
265	pname_43	pdesc_309_309_30	23.66
266	pname_968_	pdesc_356_356_356	3.18
267	pname_399	pdesc_816_816_816	133.53
268	pname_5	pdesc_368_368_368_3	87.56
269	pname_240	pdesc_263_263_263_	148.19
270	pname_5	pdesc_190_190_190	1.28
271	pname_799	pdesc_218_218_218	1.73
272	pname_463_	pdesc_781_781_781_	1.6
273	pname_8	pdesc_124_124_1	40.81
274	pname_751	pdesc_620_620_620	2.16
275	pname_432	pdesc_727_727_727_	24.69
276	pname_7	pdesc_132_132_132	31.69
277	pname_309	pdesc_852_852_852_8	224.72
278	pname_1	pdesc_936_936_936_9	64.68
279	pname_90_	pdesc_821_821_82	16.61
280	pname_43	pdesc_188_188_1	426.74
281	pname_7	pdesc_693_693_69	317.79
282	pname_639_	pdesc_951_951_951_95	930.49
283	pname_3	pdesc_233_233_233_	1.10
284	pname_510_	pdesc_547_547_547_54	980.83
285	pname_7	pdesc_640_640_6	3.28
286	pname_2	pdesc_48_48_48_48	972.58
287	pname_61_6	pdesc_160_160_160	313.36
288	pname_1	pdesc_926_926_926	1.15
289	pname_40	pdesc_129_129_129_	87.2
290	pname_476	pdesc_267_267_267_	237.57
291	pname_9	pdesc_260_260_2	941.57
292	pname_10_	pdesc_360_360_360_3	1.47
293	pname_6	pdesc_974_974_9	975.49
294	pname_41	pdesc_888_888_888_8	126.97
295	pname_751	pdesc_865_865_865_	946.70
296	pname_6	pdesc_144_144_144_1	35.17
297	pname_928_	pdesc_1000_1000_	6.90
298	pname_77	pdesc_131_131_131_13	5.36
299	pname_40	pdesc_679_679_679_	340.90
300	pname_4	pdesc_28_28_28_28_2	410.97
301	pname_24_2	pdesc_133_133_133_13	6.76
302	pname_968_	pdesc_736_736_736	688.87
303	pname_638	pdesc_215_215_215_21	62.75
304	pname_5	pdesc_564_564_5	10.92
305	pname_96_	pdesc_138_138_138	1.71
306	pname_711	pdesc_685_685_685_68	545.73
307	pname_957	pdesc_379_379_379_	1.63
308	pname_107	pdesc_457_457_457_	150.48
309	pname_68_6	pdesc_20_20_20_20	1.7
310	pname_8	pdesc_701_701_701_70	12.15
311	pname_668	pdesc_721_721_721_	50.70
312	pname_325	pdesc_577_577_577_57	4.40
313	pname_514_	pdesc_824_824_824_8	102.42
314	pname_4	pdesc_309_309_30	34.78
315	pname_187	pdesc_573_573_573_57	209.82
316	pname_8	pdesc_266_266_2	219.48
317	pname_3	pdesc_812_812_812	56.49
318	pname_877_	pdesc_622_622_622	1.6
319	pname_299_	pdesc_984_984_984	318.9
320	pname_180_	pdesc_195_195_195_19	10.75
321	pname_138_	pdesc_33_33_33_3	3.16
322	pname_53	pdesc_917_917_917_	346.57
323	pname_8	pdesc_268_268_2	1.30
324	pname_423_	pdesc_14_14_14_1	180.57
325	pname_8	pdesc_565_565_565_	2.72
326	pname_4	pdesc_899_899_899_	1.7
327	pname_534_	pdesc_588_588_588_5	1.11
328	pname_19_	pdesc_437_437_437_43	865.55
329	pname_34	pdesc_34_34_34_34_34	156.18
330	pname_14	pdesc_730_730_730	8.60
331	pname_4	pdesc_90_90_90_9	1.81
332	pname_24	pdesc_688_688_688	63.28
333	pname_366_	pdesc_331_331_33	146.20
334	pname_10	pdesc_221_221_22	145.21
335	pname_66	pdesc_112_112_112_1	752.87
336	pname_352_	pdesc_298_298_2	181.48
337	pname_385	pdesc_238_238_2	10.29
338	pname_321	pdesc_434_434_434	56.90
339	pname_47	pdesc_14_14_14_1	1.2
340	pname_5	pdesc_830_830_8	54.32
341	pname_4	pdesc_223_223_22	1.16
342	pname_74	pdesc_878_878_878	1.63
343	pname_97_	pdesc_800_800_8	23.57
344	pname_466	pdesc_252_252_252_2	82.49
345	pname_231_	pdesc_596_596_5	205.84
346	pname_71	pdesc_215_215_215_21	192.85
347	pname_3	pdesc_716_716_716_7	21.61
348	pname_375	pdesc_369_369_36	187.33
349	pname_188_	pdesc_550_550_550_5	128.80
350	pname_701	pdesc_762_762_762	304.21
351	pname_27_2	pdesc_972_972_9	208.46
352	pname_8	pdesc_470_470_470_4	407.85
353	pname_570_	pdesc_43_43_43_	29.84
354	pname_1	pdesc_131_131_131_13	803.94
355	pname_413_	pdesc_755_755_755_	20.5
356	pname_4	pdesc_648_648_6	237.99
357	pname_86	pdesc_935_935_93	1.21
358	pname_807_	pdesc_312_312_3	99.9
359	pname_614	pdesc_83_83_83_83	2.20
360	pname_796_	pdesc_392_392_392_3	1.45
361	pname_2	pdesc_207_207_207_	52.15
362	pname_72	pdesc_628_628_628	1.86
363	pname_92	pdesc_999_999_99	224.14
364	pname_173	pdesc_778_778_778_7	384.5
365	pname_83	pdesc_231_231_231_	421.11
366	pname_3	pdesc_345_345_345_	3.99
367	pname_4	pdesc_607_607_60	161.17
368	pname_8	pdesc_769_769_769_76	575.7
369	pname_10	pdesc_339_339_33	951.39
370	pname_630	pdesc_903_903_90	5.82
371	pname_31	pdesc_392_392_392_3	350.15
372	pname_64	pdesc_490_490_490	619.98
373	pname_4	pdesc_561_561_561_	284.36
374	pname_4	pdesc_379_379_379_	113.51
375	pname_284	pdesc_989_989_989_98	1.32
376	pname_89	pdesc_402_402_402	35.60
377	pname_9	pdesc_170_170_170_1	10.28
378	pname_6	pdesc_470_470_470_4	42.64
379	pname_933	pdesc_914_914_9	11.89
380	pname_117	pdesc_351_351_351_35	31.93
381	pname_5	pdesc_418_418_418_4	15.30
382	pname_7	pdesc_122_122_1	1.32
383	pname_923	pdesc_297_297_297_	3.69
384	pname_2	pdesc_643_643_643_	1.40
385	pname_48	pdesc_661_661_66	1.29
386	pname_402	pdesc_323_323_323_32	4.83
387	pname_520_	pdesc_179_179_17	470.45
388	pname_3	pdesc_256_256_256_2	3.87
389	pname_84	pdesc_866_866_8	3.48
390	pname_72	pdesc_115_115_11	451.86
391	pname_164_	pdesc_50_50_50_50_50	563.38
392	pname_1	pdesc_200_200_2	38.24
393	pname_88	pdesc_539_539_539_	35.71
394	pname_23	pdesc_700_700_700	880.2
395	pname_823_	pdesc_602_602_602_6	61.2
396	pname_241_	pdesc_740_740_740_7	104.79
397	pname_775	pdesc_961_961_96	821.4
398	pname_5	pdesc_549_549_549_54	66.1
399	pname_993	pdesc_536_536_5	56.69
400	pname_5	pdesc_671_671_671_	187.72
401	pname_3	pdesc_380_380_380	1.34
402	pname_5	pdesc_277_277_277_27	1.35
403	pname_68_6	pdesc_410_410_410_4	722.1
404	pname_988_	pdesc_955_955_955_95	382.78
405	pname_77	pdesc_661_661_66	20.28
406	pname_15	pdesc_914_914_9	310.71
407	pname_3	pdesc_733_733_733_73	1.24
408	pname_2	pdesc_798_798_798	24.35
409	pname_3	pdesc_540_540_540	48.50
410	pname_53_	pdesc_700_700_700	110.77
411	pname_3	pdesc_18_18_18_18_18	62.9
412	pname_271_	pdesc_131_131_131_13	23.3
413	pname_473_	pdesc_128_128_1	1.51
414	pname_44	pdesc_901_901_90	1.61
415	pname_719	pdesc_409_409_409_40	263.50
416	pname_62_6	pdesc_677_677_677_	31.54
417	pname_369	pdesc_684_684_684	48.13
418	pname_903	pdesc_379_379_379_	109.39
419	pname_55	pdesc_275_275_275_27	423.53
420	pname_379	pdesc_46_46_46_	1.50
421	pname_59	pdesc_686_686_686	77.29
422	pname_3	pdesc_991_991_99	94.18
423	pname_9	pdesc_44_44_44_44_4	420.26
424	pname_9	pdesc_365_365_36	160.5
425	pname_540_	pdesc_252_252_252_2	1.39
426	pname_641_	pdesc_886_886_886_8	109.34
427	pname_882	pdesc_400_400_400	102.63
428	pname_1	pdesc_146_146_146_1	387.3
429	pname_349	pdesc_736_736_736	925.50
430	pname_1	pdesc_853_853_85	1.5
431	pname_90	pdesc_987_987_987_98	1.59
432	pname_375	pdesc_933_933_93	266.16
433	pname_68	pdesc_357_357_357_35	116.26
434	pname_20	pdesc_724_724_7	693.22
435	pname_782_	pdesc_23_23_23_23	1.90
436	pname_3	pdesc_621_621_621_62	923.53
437	pname_13_	pdesc_504_504_5	1.31
438	pname_694	pdesc_227_227_22	42.30
439	pname_6	pdesc_746_746_746_7	709.10
440	pname_664	pdesc_906_906_906_9	3.66
441	pname_9	pdesc_37_37_37_37_37	1.80
442	pname_63	pdesc_231_231_231_	369.11
443	pname_177	pdesc_947_947_947_	9.73
444	pname_183	pdesc_756_756_7	99.90
445	pname_22_2	pdesc_882_882_882_8	19.34
446	pname_5	pdesc_949_949_949_	1.4
447	pname_1	pdesc_484_484_4	27.79
448	pname_1	pdesc_304_304_304_3	1.98
449	pname_500_	pdesc_503_503_503_	12.65
450	pname_30	pdesc_146_146_146_1	7.32
451	pname_3	pdesc_625_625_625_62	1.84
452	pname_39	pdesc_83_83_83_83	810.8
453	pname_5	pdesc_876_876_876	224.92
454	pname_8	pdesc_324_324_324	500.13
455	pname_70	pdesc_100_100_100	161.21
456	pname_98_	pdesc_71_71_71_7	961.56
457	pname_30	pdesc_243_243_243_24	204.46
458	pname_496	pdesc_262_262_2	3.47
459	pname_974_	pdesc_599_599_599_	837.8
460	pname_605_	pdesc_763_763_763_76	46.9
461	pname_796_	pdesc_259_259_25	45.74
462	pname_9	pdesc_888_888_888_8	39.36
463	pname_8	pdesc_239_239_239_	1.93
464	pname_82	pdesc_589_589_58	154.86
465	pname_437_	pdesc_990_990_990_9	243.25
466	pname_83	pdesc_167_167_167_16	1.98
467	pname_89	pdesc_12_12_12_12_12	1.11
468	pname_124_	pdesc_235_235_235_	70.27
469	pname_648	pdesc_169_169_169_16	2.69
470	pname_140_	pdesc_744_744_744_7	31.22
471	pname_456	pdesc_327_327_327_32	249.50
472	pname_645_	pdesc_763_763_763_76	76.88
473	pname_123	pdesc_607_607_60	1.28
474	pname_16	pdesc_52_52_52_5	990.83
475	pname_28_2	pdesc_377_377_377_	161.10
476	pname_560_	pdesc_50_50_50_50_50	905.93
477	pname_16_	pdesc_101_101_101_10	842.58
478	pname_5	pdesc_89_89_89_89	38.79
479	pname_301	pdesc_775_775_77	1.68
480	pname_706_	pdesc_221_221_22	50.44
481	pname_635_	pdesc_324_324_324	485.58
482	pname_887_	pdesc_182_182_1	1.21
483	pname_42	pdesc_175_175_17	607.92
484	pname_5	pdesc_378_378_3	1.97
485	pname_970_	pdesc_418_418_418_4	3.46
486	pname_81	pdesc_541_541_541_54	6.77
487	pname_85	pdesc_922_922_922	27.59
488	pname_58	pdesc_562_562_5	163.89
489	pname_94	pdesc_363_363_36	85.32
490	pname_319	pdesc_874_874_874	15.16
491	pname_7	pdesc_868_868_8	98.76
492	pname_584_	pdesc_677_677_677_	653.24
493	pname_85	pdesc_697_697_69	320.59
494	pname_3	pdesc_996_996_996_9	656.6
495	pname_184_	pdesc_983_983_983_98	47.91
496	pname_3	pdesc_754_754_7	5.89
497	pname_604	pdesc_690_690_690_6	878.19
498	pname_701	pdesc_331_331_33	660.79
499	pname_11	pdesc_192_192_192	10.57
500	pname_140_	pdesc_136_136_136	17.61
501	pname_87	pdesc_337_337_33	54.35
502	pname_735	pdesc_961_961_96	28.71
503	pname_9	pdesc_738_738_738	258.36
504	pname_55	pdesc_796_796_796	92.11
505	pname_8	pdesc_350_350_350	27.69
506	pname_18_	pdesc_976_976_9	66.26
507	pname_17	pdesc_784_784_7	270.98
508	pname_143	pdesc_281_281_28	1.57
509	pname_1	pdesc_299_299_299_	312.10
510	pname_4	pdesc_798_798_798	370.36
511	pname_5	pdesc_537_537_537_	18.23
512	pname_6	pdesc_432_432_432	668.39
513	pname_72	pdesc_526_526_526_5	10.32
514	pname_53	pdesc_149_149_14	702.23
515	pname_1	pdesc_64_64_64_64	3.32
516	pname_641_	pdesc_289_289_28	295.99
517	pname_52_	pdesc_814_814_814	24.51
518	pname_3	pdesc_743_743_74	1.65
519	pname_99	pdesc_29_29_29_29	755.19
520	pname_295_	pdesc_502_502_5	701.43
521	pname_24	pdesc_278_278_278	75.80
522	pname_89	pdesc_407_407_407_40	670.73
523	pname_886	pdesc_177_177_17	582.39
524	pname_1	pdesc_712_712_712_7	36.33
525	pname_356_	pdesc_285_285_28	315.51
526	pname_138_	pdesc_429_429_429_	2.26
527	pname_4	pdesc_218_218_218	1.64
528	pname_896	pdesc_698_698_698_6	67.83
529	pname_48	pdesc_416_416_416_4	7.11
530	pname_520_	pdesc_292_292_2	259.12
531	pname_9	pdesc_347_347_347_	8.88
532	pname_108_	pdesc_221_221_22	1.71
533	pname_2	pdesc_213_213_213_21	2.48
534	pname_10_	pdesc_787_787_787_	1.68
535	pname_857_	pdesc_353_353_353_35	792.3
536	pname_50_	pdesc_293_293_293_	128.62
537	pname_715	pdesc_580_580_580_5	40.58
538	pname_85	pdesc_20_20_20_20	541.56
539	pname_953	pdesc_189_189_189_	1.85
540	pname_86	pdesc_840_840_840	1.23
541	pname_3	pdesc_322_322_322	1.17
542	pname_766_	pdesc_867_867_867_	5.72
543	pname_944_	pdesc_783_783_783_	760.17
544	pname_258	pdesc_633_633_63	135.78
545	pname_8	pdesc_350_350_350	891.25
546	pname_342_	pdesc_655_655_655_65	10.32
547	pname_30	pdesc_855_855_85	98.58
548	pname_38	pdesc_678_678_6	929.3
549	pname_17	pdesc_601_601_60	1.54
550	pname_94	pdesc_22_22_22_22_2	49.81
551	pname_1	pdesc_91_91_91_91_91	651.49
552	pname_279_	pdesc_754_754_7	229.34
553	pname_715	pdesc_344_344_3	3.79
554	pname_7	pdesc_541_541_541_54	14.24
555	pname_514_	pdesc_31_31_31_31_31	497.15
556	pname_8	pdesc_313_313_313_	28.80
557	pname_4	pdesc_860_860_8	1.48
558	pname_5	pdesc_326_326_326	17.66
559	pname_648	pdesc_301_301_30	8.94
560	pname_950_	pdesc_263_263_263_	757.50
561	pname_8	pdesc_662_662_662_6	14.36
562	pname_3	pdesc_366_366_366_3	1.69
563	pname_574_	pdesc_479_479_47	13.70
564	pname_618	pdesc_696_696_696_6	663.74
565	pname_927	pdesc_244_244_244	767.39
566	pname_37	pdesc_470_470_470_4	6.39
567	pname_669_	pdesc_505_505_505_	3.64
568	pname_69_6	pdesc_340_340_3	70.22
569	pname_63	pdesc_515_515_515_51	22.47
570	pname_78	pdesc_522_522_522_5	35.83
571	pname_842	pdesc_117_117_11	1.94
572	pname_194_	pdesc_209_209_209_	5.53
573	pname_57	pdesc_462_462_462	404.85
574	pname_163	pdesc_282_282_282_2	1.65
575	pname_984_	pdesc_215_215_215_21	183.41
576	pname_547	pdesc_914_914_9	2.34
577	pname_3	pdesc_517_517_517_51	84.8
578	pname_5	pdesc_300_300_300_3	30.36
579	pname_443_	pdesc_592_592_5	103.23
580	pname_3	pdesc_280_280_280_2	613.84
581	pname_94_	pdesc_902_902_902_9	193.95
582	pname_29_2	pdesc_267_267_267_	6.39
583	pname_5	pdesc_569_569_569_	821.78
584	pname_786_	pdesc_363_363_36	44.59
585	pname_443_	pdesc_532_532_5	5.95
586	pname_806	pdesc_881_881_88	169.28
587	pname_9	pdesc_421_421_421_	67.27
588	pname_80	pdesc_373_373_373_	238.81
589	pname_49	pdesc_205_205_205_	215.93
590	pname_968_	pdesc_390_390_390_3	642.52
591	pname_228	pdesc_839_839_839_	2.15
592	pname_614	pdesc_508_508_5	3.68
593	pname_48	pdesc_367_367_36	115.9
594	pname_275_	pdesc_189_189_189_	415.34
595	pname_90	pdesc_685_685_685_68	446.4
596	pname_3	pdesc_482_482_4	1.74
597	pname_211_	pdesc_209_209_209_	2.98
598	pname_306_	pdesc_134_134_134	237.84
599	pname_503	pdesc_687_687_687_68	451.24
600	pname_7	pdesc_328_328_328	139.72
601	pname_8	pdesc_915_915_915_	19.65
602	pname_44	pdesc_768_768_768	60.74
603	pname_5	pdesc_332_332_332_3	3.41
604	pname_46	pdesc_1000_1000_	330.94
605	pname_63	pdesc_810_810_810	381.21
606	pname_43	pdesc_890_890_8	48.40
607	pname_665_	pdesc_892_892_8	7.70
608	pname_120_	pdesc_844_844_844	122.19
609	pname_4	pdesc_549_549_549_54	5.55
610	pname_685_	pdesc_297_297_297_	1.18
611	pname_759	pdesc_484_484_4	358.55
612	pname_123	pdesc_97_97_97_97_97	173.81
613	pname_45	pdesc_765_765_765_76	1.8
614	pname_8	pdesc_357_357_357_35	10.6
615	pname_6	pdesc_976_976_9	1.22
616	pname_4	pdesc_654_654_654	263.69
617	pname_81	pdesc_9_9_9_9_9_9_9_	2.68
618	pname_31	pdesc_379_379_379_	45.81
619	pname_5	pdesc_848_848_848	9.30
620	pname_887_	pdesc_533_533_533_	145.12
621	pname_74	pdesc_138_138_138	11.78
622	pname_4	pdesc_248_248_248	696.21
623	pname_9	pdesc_903_903_90	66.41
624	pname_4	pdesc_89_89_89_89	526.3
625	pname_530_	pdesc_442_442_442_4	101.87
626	pname_731	pdesc_707_707_707_70	66.40
627	pname_9	pdesc_630_630_630_6	144.46
628	pname_50	pdesc_738_738_738	273.13
629	pname_7	pdesc_277_277_277_27	57.17
630	pname_508_	pdesc_520_520_520_5	2.12
631	pname_25_2	pdesc_882_882_882_8	11.2
632	pname_9	pdesc_321_321_321_32	554.85
633	pname_3	pdesc_542_542_542	130.55
634	pname_294	pdesc_917_917_917_	75.99
635	pname_601_	pdesc_932_932_932_9	11.54
636	pname_950_	pdesc_624_624_624	77.51
637	pname_918_	pdesc_464_464_464	1.60
638	pname_51	pdesc_700_700_700	1.52
639	pname_3	pdesc_114_114_114_1	131.45
640	pname_59_	pdesc_273_273_273_27	1.11
641	pname_33	pdesc_361_361_36	853.44
642	pname_34	pdesc_927_927_927_92	102.56
643	pname_775	pdesc_511_511_511_51	840.14
644	pname_37	pdesc_322_322_322	11.56
645	pname_97	pdesc_852_852_852_8	141.79
646	pname_35	pdesc_476_476_476_4	39.30
647	pname_766_	pdesc_393_393_39	1.73
648	pname_11	pdesc_891_891_891_	769.39
649	pname_446	pdesc_116_116_116_1	1.8
650	pname_3	pdesc_617_617_617_	29.48
651	pname_62_6	pdesc_169_169_169_16	93.48
652	pname_157	pdesc_924_924_924	4.13
653	pname_62	pdesc_183_183_183_	39.34
654	pname_90	pdesc_532_532_5	1.52
655	pname_86	pdesc_5_5_5_5_5_	69.82
656	pname_628	pdesc_756_756_7	79.26
657	pname_64	pdesc_199_199_199_19	9.62
658	pname_29	pdesc_644_644_6	167.13
659	pname_94_	pdesc_131_131_131_13	84.16
660	pname_853_	pdesc_206_206_2	1.42
661	pname_504_	pdesc_132_132_132	1.15
662	pname_1	pdesc_114_114_114_1	82.46
663	pname_655_	pdesc_731_731_731_73	145.75
664	pname_94	pdesc_232_232_2	11.32
665	pname_30	pdesc_779_779_77	1.8
666	pname_284	pdesc_448_448_448_4	271.31
667	pname_49	pdesc_310_310_3	11.20
668	pname_3	pdesc_169_169_169_16	30.90
669	pname_528_	pdesc_255_255_25	589.86
670	pname_244	pdesc_432_432_432	279.79
671	pname_291_	pdesc_632_632_632_6	1.83
672	pname_33	pdesc_36_36_36_3	98.33
673	pname_35	pdesc_975_975_975_	21.98
674	pname_205_	pdesc_216_216_216	64.99
675	pname_5	pdesc_294_294_2	758.13
676	pname_5	pdesc_695_695_69	19.19
677	pname_120_	pdesc_889_889_88	4.41
678	pname_305	pdesc_598_598_5	24.17
679	pname_158_	pdesc_420_420_4	588.77
680	pname_238	pdesc_682_682_682	745.6
681	pname_634	pdesc_542_542_542	27.75
682	pname_98	pdesc_895_895_895_	89.29
683	pname_4	pdesc_252_252_252_2	63.75
684	pname_9	pdesc_545_545_545_54	156.55
685	pname_1	pdesc_743_743_74	1.73
686	pname_21	pdesc_586_586_586_5	86.84
687	pname_16_	pdesc_222_222_222_2	6.43
688	pname_51	pdesc_642_642_6	1.13
689	pname_65	pdesc_740_740_740_7	123.57
690	pname_71	pdesc_644_644_6	5.94
691	pname_644	pdesc_457_457_457_	1.67
692	pname_6	pdesc_913_913_913_	5.57
693	pname_10_	pdesc_501_501_501_	707.90
694	pname_6	pdesc_685_685_685_68	5.55
695	pname_249_	pdesc_176_176_176_1	506.79
696	pname_38	pdesc_243_243_243_24	49.8
697	pname_9	pdesc_912_912_9	42.59
698	pname_167	pdesc_700_700_700	13.43
699	pname_974_	pdesc_100_100_100	36.72
700	pname_2	pdesc_735_735_735_73	69.11
701	pname_301	pdesc_510_510_510	9.36
702	pname_89	pdesc_725_725_725_	162.21
703	pname_34	pdesc_418_418_418_4	957.48
704	pname_59_	pdesc_154_154_1	744.8
705	pname_970_	pdesc_41_41_41_41_4	2.44
706	pname_91_	pdesc_835_835_835_	285.26
707	pname_87	pdesc_142_142_142_1	1.14
708	pname_54	pdesc_508_508_5	19.71
709	pname_6	pdesc_612_612_6	4.94
710	pname_422	pdesc_580_580_580_5	528.1
711	pname_150_	pdesc_531_531_531_	110.58
712	pname_48	pdesc_678_678_6	325.67
713	pname_73	pdesc_782_782_7	1.58
714	pname_23	pdesc_359_359_359_35	170.13
715	pname_110_	pdesc_439_439_439_43	210.39
716	pname_50	pdesc_538_538_5	794.57
717	pname_543	pdesc_958_958_958	11.33
718	pname_81	pdesc_860_860_8	192.50
719	pname_198_	pdesc_527_527_52	3.38
720	pname_375	pdesc_529_529_52	90.74
721	pname_900_	pdesc_560_560_5	87.55
722	pname_442	pdesc_507_507_507_	213.29
723	pname_725	pdesc_447_447_44	1.62
724	pname_872	pdesc_955_955_955_95	932.83
725	pname_628	pdesc_360_360_360_3	1.17
726	pname_716_	pdesc_567_567_567_	384.66
727	pname_558_	pdesc_835_835_835_	3.18
728	pname_597	pdesc_722_722_7	915.77
729	pname_84	pdesc_214_214_214	640.80
730	pname_7	pdesc_358_358_358	127.42
731	pname_44	pdesc_440_440_440_4	661.8
732	pname_39	pdesc_826_826_826_8	331.34
733	pname_953	pdesc_486_486_4	1.30
734	pname_58	pdesc_543_543_543_54	455.52
735	pname_80	pdesc_520_520_520_5	1.90
736	pname_836	pdesc_820_820_820_8	6.59
737	pname_230	pdesc_830_830_8	260.86
738	pname_1	pdesc_958_958_958	278.98
739	pname_650	pdesc_472_472_472_4	1.40
740	pname_752_	pdesc_208_208_2	17.38
741	pname_578_	pdesc_136_136_136	477.35
742	pname_944_	pdesc_262_262_2	1.29
743	pname_163	pdesc_215_215_215_21	14.20
744	pname_40	pdesc_823_823_82	534.60
745	pname_201_	pdesc_97_97_97_97_97	5.27
746	pname_178_	pdesc_711_711_71	381.24
747	pname_365	pdesc_850_850_850_8	2.94
748	pname_5	pdesc_32_32_32_32_	7.96
749	pname_781	pdesc_14_14_14_1	232.61
750	pname_95	pdesc_836_836_8	1.18
751	pname_872	pdesc_554_554_554_5	19.40
752	pname_594_	pdesc_479_479_47	255.46
753	pname_92_	pdesc_59_59_59_59_59	4.94
754	pname_53	pdesc_93_93_93_9	300.64
755	pname_5	pdesc_719_719_71	172.72
756	pname_40	pdesc_53_53_53_53_53	1.41
757	pname_60	pdesc_619_619_619_	348.60
758	pname_208	pdesc_41_41_41_41_4	484.77
759	pname_44	pdesc_310_310_3	678.92
760	pname_67	pdesc_814_814_814	303.85
761	pname_9	pdesc_348_348_3	35.90
762	pname_7	pdesc_759_759_759_	4.85
763	pname_22	pdesc_496_496_496	542.83
764	pname_47	pdesc_721_721_721_	229.75
765	pname_124_	pdesc_265_265_265_	2.45
766	pname_3	pdesc_431_431_431_43	182.23
767	pname_543	pdesc_580_580_580_5	499.23
768	pname_7	pdesc_8_8_8_8_8_8_8	188.6
769	pname_560_	pdesc_34_34_34_34_34	157.3
770	pname_113	pdesc_265_265_265_	562.76
771	pname_8	pdesc_974_974_9	491.71
772	pname_7	pdesc_942_942_9	2.94
773	pname_57	pdesc_637_637_63	13.93
774	pname_77	pdesc_163_163_163_16	318.57
775	pname_46	pdesc_587_587_58	4.83
776	pname_681_	pdesc_628_628_628	749.94
777	pname_968_	pdesc_631_631_63	261.81
778	pname_7	pdesc_315_315_315_	326.81
779	pname_38	pdesc_885_885_88	3.2
780	pname_98_	pdesc_875_875_875_87	576.86
781	pname_79	pdesc_705_705_705_70	1.30
782	pname_940_	pdesc_144_144_144_1	1.62
783	pname_261_	pdesc_841_841_841_84	245.70
784	pname_279_	pdesc_77_77_77_7	864.76
785	pname_876	pdesc_348_348_3	1.55
786	pname_319	pdesc_579_579_579_57	49.43
787	pname_26_2	pdesc_141_141_14	1.34
788	pname_58_	pdesc_944_944_9	520.35
789	pname_988_	pdesc_481_481_481_	902.31
790	pname_725	pdesc_94_94_94_94_94	148.79
791	pname_78	pdesc_754_754_7	44.96
792	pname_8	pdesc_70_70_70_70_	643.30
793	pname_5	pdesc_500_500_5	7.80
794	pname_9	pdesc_321_321_321_32	71.15
795	pname_6	pdesc_3_3_3_3_3_3_3_	9.87
796	pname_4	pdesc_679_679_679_	183.77
797	pname_943	pdesc_182_182_1	14.72
798	pname_5	pdesc_9_9_9_9_9_9_9_	193.48
799	pname_275_	pdesc_4_4_4_4_4	33.15
800	pname_413_	pdesc_498_498_498	461.63
801	pname_9	pdesc_888_888_888_8	18.69
802	pname_58	pdesc_37_37_37_37_37	29.53
803	pname_3	pdesc_209_209_209_	691.93
804	pname_553	pdesc_985_985_985_98	18.20
805	pname_41	pdesc_450_450_4	410.11
806	pname_335	pdesc_34_34_34_34_34	2.17
807	pname_379	pdesc_555_555_55	1.13
808	pname_523	pdesc_635_635_63	86.58
809	pname_968_	pdesc_902_902_902_9	1.84
810	pname_6	pdesc_979_979_979_	4.16
811	pname_258	pdesc_234_234_2	1.40
812	pname_315	pdesc_289_289_28	1.48
813	pname_93_	pdesc_967_967_96	1.59
814	pname_496	pdesc_372_372_3	1.48
815	pname_224	pdesc_567_567_567_	137.77
816	pname_11	pdesc_510_510_510	4.5
817	pname_22	pdesc_159_159_159_	1.95
818	pname_84	pdesc_486_486_4	578.94
819	pname_240	pdesc_405_405_405_40	36.65
820	pname_244	pdesc_338_338_338_3	18.23
821	pname_716_	pdesc_508_508_5	87.64
822	pname_268	pdesc_10_10_10_10_	413.83
823	pname_671_	pdesc_629_629_629_62	11.43
824	pname_5	pdesc_610_610_6	144.84
825	pname_12_	pdesc_416_416_416_4	6.88
826	pname_73	pdesc_923_923_923_92	63.97
827	pname_67_6	pdesc_24_24_24_	42.47
828	pname_42	pdesc_763_763_763_76	5.47
829	pname_691_	pdesc_869_869_869_	98.91
830	pname_71	pdesc_911_911_911_	75.17
831	pname_147	pdesc_588_588_588_5	683.61
832	pname_669_	pdesc_279_279_279_27	766.70
833	pname_274	pdesc_191_191_191_19	5.12
834	pname_3	pdesc_332_332_332_3	210.79
835	pname_341	pdesc_354_354_354	3.88
836	pname_6	pdesc_343_343_343_	15.81
837	pname_3	pdesc_473_473_47	464.33
838	pname_7	pdesc_939_939_93	1.61
839	pname_406	pdesc_430_430_430	191.11
840	pname_3	pdesc_477_477_47	252.77
841	pname_944_	pdesc_662_662_662_6	238.64
842	pname_345	pdesc_33_33_33_3	193.39
843	pname_5	pdesc_585_585_58	528.44
844	pname_3	pdesc_812_812_812	23.8
845	pname_91	pdesc_126_126_1	51.66
846	pname_934_	pdesc_931_931_93	722.60
847	pname_193	pdesc_694_694_694_6	30.29
848	pname_355	pdesc_186_186_1	286.61
849	pname_402	pdesc_343_343_343_	924.29
850	pname_605_	pdesc_823_823_82	30.18
851	pname_7	pdesc_890_890_8	196.37
852	pname_89	pdesc_266_266_2	1.25
853	pname_51	pdesc_138_138_138	1.34
854	pname_2	pdesc_471_471_47	11.96
855	pname_8	pdesc_5_5_5_5_5_	23.53
856	pname_5	pdesc_686_686_686	18.69
857	pname_649_	pdesc_911_911_911_	14.13
858	pname_762_	pdesc_103_103_103_10	607.26
859	pname_507	pdesc_490_490_490	803.1
860	pname_674	pdesc_334_334_334_3	486.80
861	pname_365	pdesc_449_449_44	541.33
862	pname_339	pdesc_345_345_345_	21.22
863	pname_716_	pdesc_793_793_793_79	708.38
864	pname_279_	pdesc_306_306_306_3	55.37
865	pname_500_	pdesc_371_371_371_	305.44
866	pname_143	pdesc_812_812_812	4.35
867	pname_749	pdesc_793_793_793_79	120.72
868	pname_278	pdesc_339_339_33	477.78
869	pname_466	pdesc_68_68_68_	48.63
870	pname_863_	pdesc_428_428_4	1.12
871	pname_214	pdesc_824_824_824_8	9.9
872	pname_762_	pdesc_460_460_460	879.11
873	pname_270	pdesc_26_26_26_26	329.96
874	pname_25_2	pdesc_724_724_7	2.7
875	pname_38	pdesc_729_729_729_	18.9
876	pname_5	pdesc_457_457_457_	158.35
877	pname_21_2	pdesc_88_88_88_88_8	8.58
878	pname_732_	pdesc_142_142_142_1	1.13
879	pname_5	pdesc_340_340_3	20.31
880	pname_98	pdesc_282_282_282_2	848.19
881	pname_695_	pdesc_940_940_9	266.63
882	pname_433_	pdesc_140_140_140_1	320.72
883	pname_7	pdesc_391_391_39	21.19
884	pname_66	pdesc_296_296_2	373.4
885	pname_29	pdesc_45_45_45_45	371.76
886	pname_389	pdesc_675_675_675_	524.94
887	pname_49	pdesc_67_67_67_67	348.96
888	pname_24_2	pdesc_135_135_135_13	886.56
889	pname_709	pdesc_386_386_386	1.78
890	pname_280	pdesc_846_846_846	649.22
891	pname_88	pdesc_297_297_297_	4.51
892	pname_77	pdesc_172_172_172_1	50.72
893	pname_275_	pdesc_136_136_136	335.16
894	pname_335	pdesc_71_71_71_7	90.42
895	pname_530_	pdesc_990_990_990_9	1.79
896	pname_20_2	pdesc_776_776_776_7	14.32
897	pname_4	pdesc_314_314_3	222.16
898	pname_6	pdesc_806_806_8	888.83
899	pname_8	pdesc_664_664_664_6	700.64
900	pname_275_	pdesc_157_157_157_	1.62
901	pname_3	pdesc_573_573_573_57	36.49
902	pname_245_	pdesc_282_282_282_2	81.23
903	pname_6	pdesc_575_575_575_57	14.28
904	pname_12	pdesc_950_950_950	135.11
905	pname_624	pdesc_706_706_706	5.90
906	pname_312_	pdesc_853_853_85	3.18
907	pname_1	pdesc_296_296_2	22.16
908	pname_63	pdesc_980_980_980	63.30
909	pname_17	pdesc_750_750_7	191.79
910	pname_81	pdesc_452_452_4	730.93
911	pname_701	pdesc_305_305_30	1.77
912	pname_587	pdesc_11_11_11_1	21.13
913	pname_17	pdesc_389_389_389_38	15.87
914	pname_271_	pdesc_759_759_759_	39.27
915	pname_113	pdesc_762_762_762	991.49
916	pname_4	pdesc_916_916_9	683.76
917	pname_611_	pdesc_93_93_93_9	1.11
918	pname_55	pdesc_279_279_279_27	58.36
919	pname_567	pdesc_373_373_373_	3.63
920	pname_79	pdesc_384_384_384	4.39
921	pname_807_	pdesc_856_856_856_8	21.81
922	pname_1	pdesc_326_326_326	2.97
923	pname_877_	pdesc_870_870_870	335.60
924	pname_508_	pdesc_681_681_681_68	4.23
925	pname_8	pdesc_126_126_1	71.10
926	pname_332_	pdesc_982_982_982	905.63
927	pname_8	pdesc_739_739_739_73	878.83
928	pname_8	pdesc_52_52_52_5	1.32
929	pname_29	pdesc_737_737_737_73	211.35
930	pname_352_	pdesc_874_874_874	406.60
931	pname_78	pdesc_618_618_6	49.31
932	pname_10	pdesc_859_859_85	482.2
933	pname_574_	pdesc_598_598_5	103.93
934	pname_87	pdesc_499_499_499_49	45.91
935	pname_26	pdesc_796_796_796	1.1
936	pname_580_	pdesc_682_682_682	610.6
937	pname_104_	pdesc_987_987_987_98	1.36
938	pname_426	pdesc_392_392_392_3	2.44
939	pname_70	pdesc_398_398_398_3	1.64
940	pname_198_	pdesc_319_319_319_	126.97
941	pname_389	pdesc_979_979_979_	60.5
942	pname_81	pdesc_664_664_664_6	730.54
943	pname_43	pdesc_819_819_819_81	477.51
944	pname_413_	pdesc_723_723_723_	12.66
945	pname_41	pdesc_669_669_66	1.30
946	pname_315	pdesc_568_568_5	1.99
947	pname_610	pdesc_787_787_787_	1.51
948	pname_52	pdesc_664_664_664_6	3.75
949	pname_8	pdesc_268_268_2	20.22
950	pname_658	pdesc_240_240_240	36.48
951	pname_2	pdesc_155_155_155_	153.20
952	pname_371	pdesc_747_747_74	1.45
953	pname_74	pdesc_553_553_55	7.55
954	pname_86	pdesc_205_205_205_	495.80
955	pname_406	pdesc_350_350_350	1.65
956	pname_30	pdesc_288_288_288_2	4.40
957	pname_7	pdesc_136_136_136	186.18
958	pname_4	pdesc_411_411_41	106.62
959	pname_514_	pdesc_128_128_1	1.1
960	pname_791	pdesc_574_574_574	4.45
961	pname_59_	pdesc_609_609_60	437.98
962	pname_34	pdesc_366_366_366_3	14.82
963	pname_29	pdesc_449_449_44	91.75
964	pname_658	pdesc_307_307_30	496.54
965	pname_62_6	pdesc_263_263_263_	898.76
966	pname_8	pdesc_671_671_671_	67.83
967	pname_4	pdesc_644_644_6	22.9
968	pname_58_	pdesc_674_674_6	17.49
969	pname_386_	pdesc_972_972_9	1.40
970	pname_993	pdesc_462_462_462	406.95
971	pname_40	pdesc_719_719_71	1.70
972	pname_5	pdesc_514_514_514	125.71
973	pname_52	pdesc_382_382_382	6.14
974	pname_2	pdesc_685_685_685_68	27.74
975	pname_20	pdesc_134_134_134	1.55
976	pname_427_	pdesc_159_159_159_	28.14
977	pname_312_	pdesc_653_653_653_65	141.67
978	pname_250	pdesc_941_941_941_	9.85
979	pname_77	pdesc_593_593_593_	242.99
980	pname_8	pdesc_207_207_207_	1.52
981	pname_994_	pdesc_466_466_466	1.82
982	pname_639_	pdesc_99_99_99_9	31.33
983	pname_779	pdesc_317_317_317_	193.24
984	pname_174_	pdesc_482_482_4	81.53
985	pname_209_	pdesc_433_433_433_43	1.31
986	pname_812	pdesc_232_232_2	79.86
987	pname_21_2	pdesc_431_431_431_43	164.55
988	pname_205_	pdesc_715_715_71	567.3
989	pname_698	pdesc_537_537_537_	33.86
990	pname_523	pdesc_864_864_8	2.68
991	pname_8	pdesc_971_971_971_	925.1
992	pname_721	pdesc_367_367_36	165.27
993	pname_496	pdesc_487_487_487_	273.8
994	pname_620	pdesc_334_334_334_3	9.5
995	pname_2	pdesc_15_15_15_15_15	347.71
996	pname_301	pdesc_519_519_519_51	608.29
997	pname_19	pdesc_758_758_7	5.94
998	pname_66	pdesc_572_572_572	13.81
999	pname_44	pdesc_446_446_446_4	1.10
1000	pname_351	pdesc_390_390_390_3	1.5
\.

-- fill table orders (300)
\echo # filling table orders (300)
COPY orders (ordid,odate,ocust) FROM STDIN (ENCODING 'UTF-8');
1	2015-01-31	10
2	2016-08-16	34
3	2016-03-29	14
4	2016-07-01	62
5	2015-02-01	65
6	2015-08-14	67
7	2016-01-06	83
8	2015-11-30	99
9	2016-01-30	68
10	2015-12-08	55
11	2015-10-12	71
12	2016-08-07	32
13	2016-07-10	27
14	2015-08-27	15
15	2015-03-30	7
16	2015-11-04	32
17	2016-01-03	28
18	2015-03-26	81
19	2016-06-18	36
20	2015-11-13	76
21	2015-09-26	67
22	2015-01-29	82
23	2016-04-28	9
24	2015-08-17	62
25	2016-09-17	48
26	2015-11-07	80
27	2016-08-08	20
28	2015-06-02	9
29	2016-05-05	82
30	2015-10-23	86
31	2016-09-17	21
32	2015-01-03	91
33	2016-04-03	62
34	2015-06-23	82
35	2015-08-03	36
36	2015-04-13	58
37	2015-12-09	40
38	2016-09-01	39
39	2016-04-10	39
40	2015-08-25	8
41	2015-01-15	47
42	2016-05-01	27
43	2015-03-16	59
44	2015-04-24	33
45	2015-06-28	27
46	2015-12-17	86
47	2015-02-19	39
48	2015-04-19	73
49	2016-09-16	37
50	2015-06-27	14
51	2016-02-27	9
52	2015-07-12	72
53	2015-06-27	96
54	2015-08-27	75
55	2016-01-29	46
56	2016-08-04	46
57	2016-08-03	81
58	2016-09-25	24
59	2016-01-04	43
60	2015-07-11	100
61	2015-03-25	29
62	2015-04-20	79
63	2015-08-20	18
64	2016-04-10	48
65	2016-06-18	39
66	2016-06-06	21
67	2015-09-16	61
68	2015-08-14	58
69	2015-03-15	42
70	2015-06-16	98
71	2016-02-11	38
72	2015-08-04	89
73	2016-04-21	69
74	2016-04-15	14
75	2015-07-25	62
76	2015-05-10	8
77	2016-03-29	58
78	2016-08-03	46
79	2015-10-20	50
80	2016-01-28	59
81	2016-04-11	59
82	2015-01-08	63
83	2016-06-18	36
84	2016-02-01	47
85	2015-01-20	53
86	2016-02-21	16
87	2015-09-22	92
88	2016-09-23	65
89	2015-07-24	27
90	2016-06-23	8
91	2015-01-27	36
92	2015-12-04	83
93	2015-05-08	99
94	2015-01-11	95
95	2016-07-08	62
96	2015-03-07	16
97	2015-07-15	67
98	2016-05-08	10
99	2016-09-20	81
100	2016-08-25	49
101	2016-08-29	16
102	2015-08-18	72
103	2015-12-23	94
104	2015-05-13	79
105	2015-11-16	30
106	2015-04-19	17
107	2015-11-30	55
108	2016-02-18	65
109	2016-03-19	73
110	2016-02-22	79
111	2016-02-25	89
112	2015-05-02	33
113	2016-03-26	26
114	2016-03-02	77
115	2016-03-05	79
116	2015-11-16	56
117	2015-06-15	70
118	2015-09-29	16
119	2015-05-30	25
120	2016-03-03	36
121	2016-05-21	32
122	2016-04-28	35
123	2016-04-25	6
124	2015-12-22	86
125	2015-10-30	19
126	2016-08-25	65
127	2015-02-10	35
128	2015-06-11	7
129	2015-01-21	93
130	2015-11-14	80
131	2015-05-27	52
132	2015-04-14	11
133	2016-05-24	48
134	2015-03-02	81
135	2015-08-11	12
136	2016-08-29	31
137	2016-02-06	98
138	2015-09-29	90
139	2016-04-25	74
140	2015-06-24	69
141	2015-04-14	47
142	2016-03-21	61
143	2016-06-21	96
144	2016-02-22	42
145	2015-01-11	87
146	2015-03-01	12
147	2016-08-31	73
148	2015-09-16	76
149	2015-09-28	13
150	2016-05-05	11
151	2016-02-01	98
152	2015-06-18	4
153	2015-07-10	94
154	2016-06-01	92
155	2016-07-27	30
156	2015-04-03	59
157	2015-02-02	22
158	2015-07-05	100
159	2016-04-05	40
160	2016-09-02	23
161	2016-02-14	52
162	2016-07-27	14
163	2015-03-29	72
164	2016-07-23	10
165	2015-07-10	5
166	2015-10-09	44
167	2015-11-29	87
168	2015-04-11	72
169	2015-02-16	42
170	2015-06-13	9
171	2015-09-04	33
172	2016-05-31	59
173	2016-03-06	72
174	2016-05-04	60
175	2015-07-02	4
176	2016-01-08	32
177	2015-09-11	96
178	2016-01-23	22
179	2016-03-05	58
180	2016-07-08	50
181	2015-09-01	76
182	2015-10-11	86
183	2016-07-18	81
184	2015-05-12	69
185	2016-03-20	36
186	2016-02-08	100
187	2015-07-19	37
188	2016-09-14	66
189	2016-09-18	52
190	2016-08-06	10
191	2016-06-11	97
192	2015-10-16	6
193	2015-01-06	36
194	2015-11-18	88
195	2015-02-13	26
196	2016-02-17	87
197	2015-03-27	20
198	2016-04-22	48
199	2016-04-07	92
200	2016-04-27	52
201	2015-04-15	66
202	2016-06-23	65
203	2015-04-07	65
204	2016-08-17	34
205	2016-08-17	73
206	2015-02-12	86
207	2016-03-12	95
208	2016-02-28	3
209	2016-06-17	41
210	2015-02-25	60
211	2016-08-17	71
212	2016-08-17	41
213	2016-02-20	55
214	2015-08-12	43
215	2015-12-31	69
216	2015-08-12	65
217	2016-07-07	52
218	2016-08-06	54
219	2015-05-18	80
220	2015-01-24	75
221	2015-06-07	24
222	2016-07-22	58
223	2015-12-11	23
224	2016-02-07	90
225	2015-03-01	93
226	2015-02-15	28
227	2016-04-19	36
228	2015-08-18	20
229	2015-09-21	32
230	2015-04-11	38
231	2015-04-21	62
232	2015-04-16	28
233	2015-03-12	61
234	2016-08-27	85
235	2015-08-06	95
236	2015-06-09	27
237	2015-12-05	60
238	2015-02-06	6
239	2015-06-13	49
240	2015-04-09	21
241	2015-04-23	88
242	2016-06-10	93
243	2015-09-12	5
244	2015-12-15	35
245	2015-09-26	42
246	2015-03-11	18
247	2015-10-29	27
248	2016-09-10	65
249	2015-01-15	20
250	2016-06-19	43
251	2015-07-14	44
252	2015-01-28	79
253	2016-04-18	94
254	2016-02-08	58
255	2016-06-17	91
256	2016-02-04	74
257	2015-11-24	1
258	2015-04-26	43
259	2016-05-09	81
260	2016-02-24	40
261	2015-05-09	8
262	2015-11-24	73
263	2015-07-01	75
264	2015-12-18	59
265	2015-06-26	26
266	2015-05-06	25
267	2016-05-20	59
268	2015-09-05	8
269	2016-08-18	22
270	2015-05-30	61
271	2015-01-18	91
272	2015-04-21	93
273	2015-01-22	58
274	2015-04-27	5
275	2015-04-09	35
276	2016-06-23	23
277	2015-09-21	17
278	2016-08-20	28
279	2016-05-07	31
280	2015-05-11	3
281	2016-07-05	74
282	2016-02-25	63
283	2016-06-27	4
284	2015-07-29	98
285	2016-08-24	73
286	2016-01-11	96
287	2015-09-29	48
288	2016-03-01	62
289	2015-04-26	29
290	2015-05-05	41
291	2015-12-03	71
292	2016-04-02	54
293	2015-01-27	34
294	2015-07-13	80
295	2015-12-11	53
296	2015-04-16	21
297	2015-02-18	97
298	2015-04-20	45
299	2016-01-27	1
300	2015-10-30	76
\.

-- fill table details (1500)
\echo # filling table details (1500)
COPY details (ordid,pcode,qty) FROM STDIN (ENCODING 'UTF-8');
256	608	10
260	643	1
233	893	1
256	485	1
218	66	1
185	986	1
78	122	5
64	736	1
85	472	1
154	82	1
114	409	1
266	848	1
67	979	8
127	51	1
121	779	1
207	696	1
194	39	3
37	706	2
184	739	1
217	607	1
162	821	1
197	482	1
286	789	1
106	489	1
114	574	1
39	987	4
49	623	1
128	955	1
192	303	1
251	904	2
133	582	1
169	273	1
53	995	1
72	499	7
232	623	1
110	566	1
259	891	1
155	892	1
56	994	1
12	900	1
155	652	4
222	532	9
203	805	1
267	821	1
127	762	1
298	676	1
134	285	3
131	1	1
23	505	1
226	580	1
84	291	1
189	316	1
205	613	1
273	770	1
300	378	2
30	857	1
251	690	2
52	631	1
174	216	1
157	479	2
72	70	1
246	708	1
238	245	1
4	157	1
232	824	1
135	868	1
82	978	1
259	497	2
218	955	10
2	196	1
8	672	7
200	944	1
61	416	1
101	501	1
90	528	1
18	354	10
86	329	1
227	350	10
157	998	1
157	675	1
86	123	5
207	639	1
251	72	1
144	190	1
224	854	1
192	397	1
111	447	1
98	631	4
61	793	1
164	866	1
114	121	1
63	238	1
179	15	1
224	853	1
29	386	1
115	381	1
145	846	6
106	138	1
72	170	1
265	331	2
153	853	1
231	775	1
110	142	1
201	567	1
123	555	1
241	747	1
266	413	1
276	280	1
58	11	1
268	305	1
128	673	1
157	684	1
101	129	1
248	533	1
106	718	1
144	290	1
30	711	1
88	155	2
132	686	2
113	359	1
300	992	1
266	25	1
251	386	1
212	95	2
259	202	1
149	475	1
176	474	1
29	610	1
84	535	1
157	472	1
56	578	1
296	711	1
41	321	1
259	517	1
89	583	1
199	911	5
17	853	4
6	398	1
47	28	3
170	265	2
193	292	1
228	171	1
207	273	1
93	811	1
149	686	1
14	240	1
19	855	7
100	597	1
154	658	1
64	29	2
272	873	1
270	775	1
192	699	1
110	842	1
234	761	1
113	87	1
36	479	1
299	389	1
68	822	1
137	544	1
109	228	8
138	170	3
130	100	1
110	50	1
144	505	1
257	34	1
216	688	1
284	942	1
270	798	1
54	79	1
40	856	1
183	309	1
140	239	1
207	945	1
250	942	1
133	354	10
39	376	1
26	42	1
271	329	1
132	852	2
217	615	5
108	4	3
242	818	1
183	785	1
67	102	2
285	735	1
149	904	1
240	401	1
293	551	4
110	116	1
257	897	2
196	609	3
1	116	1
259	22	10
259	806	1
252	411	1
158	573	2
198	44	1
100	10	1
195	246	1
105	422	4
140	773	1
133	840	2
289	4	1
161	469	2
266	29	1
215	156	2
149	93	1
274	856	3
180	694	1
93	407	1
279	893	1
219	174	1
89	46	1
119	573	1
104	769	1
147	265	1
126	691	1
12	734	1
8	193	6
265	347	1
249	960	1
36	442	1
37	537	1
56	493	1
115	543	1
205	747	1
161	159	2
1	681	1
41	344	4
211	554	1
294	444	1
10	310	2
295	94	1
136	220	4
43	120	1
44	178	3
288	827	1
53	430	1
246	813	1
172	359	1
255	573	1
142	247	1
288	37	2
101	824	1
190	342	1
280	17	1
51	607	1
12	37	1
32	606	1
34	532	1
192	993	1
83	452	1
256	851	1
233	430	1
213	181	1
38	988	10
88	53	1
208	909	3
204	814	1
287	797	1
278	384	1
243	347	3
177	446	9
20	457	1
73	628	6
40	121	1
72	727	1
212	826	1
86	890	1
17	86	5
46	662	1
191	997	5
101	411	1
103	332	1
146	6	1
138	453	2
230	287	2
274	808	1
32	695	1
230	114	1
25	969	1
54	499	1
152	502	1
239	379	2
295	675	1
218	88	1
47	782	1
62	78	1
177	936	1
254	127	1
297	87	1
281	349	1
94	397	1
244	723	1
231	961	1
163	175	1
136	725	1
62	154	3
155	258	4
12	81	1
155	791	1
140	268	1
289	522	9
299	387	6
275	723	1
203	417	1
68	276	1
201	78	1
206	497	1
199	850	1
23	817	1
5	285	1
294	959	1
59	444	1
237	569	1
163	135	1
137	712	4
14	630	2
84	27	1
143	536	1
162	114	2
80	765	1
128	230	1
115	345	1
67	658	7
21	181	1
204	808	1
32	992	3
53	58	1
293	843	1
230	508	1
207	663	1
193	914	1
57	422	6
240	197	1
172	630	1
189	44	1
189	857	1
6	451	1
213	18	1
143	87	1
227	384	2
259	35	1
140	522	1
258	656	1
292	974	1
43	944	6
188	18	1
101	100	1
53	626	2
96	479	1
179	676	1
183	602	1
216	564	1
64	794	8
142	495	1
80	943	1
83	456	1
179	427	1
193	861	1
235	90	5
186	295	1
8	162	1
222	251	1
171	617	4
97	257	1
180	201	1
207	555	1
176	2	1
87	544	1
257	752	1
195	295	6
255	876	1
110	473	1
240	325	1
99	949	3
134	373	3
31	872	1
170	561	1
235	483	1
204	578	1
176	528	1
31	383	1
65	62	1
69	455	5
158	81	1
277	70	1
96	818	1
22	244	1
13	420	9
9	810	1
278	822	7
30	520	1
105	658	1
203	592	1
233	423	1
300	986	1
229	117	1
54	638	1
58	405	3
137	370	1
55	712	3
60	962	1
107	20	1
157	209	2
120	595	1
134	725	1
162	614	1
296	781	1
35	663	1
273	182	1
120	202	2
267	618	1
52	594	1
220	88	2
261	386	4
19	412	1
22	853	1
279	595	1
240	425	1
95	659	1
163	726	8
190	722	2
232	729	1
258	744	1
46	92	1
104	209	1
233	792	1
90	298	1
142	386	4
52	378	1
224	245	1
214	907	1
277	159	1
34	306	1
115	2	1
23	301	1
213	950	8
74	386	1
151	880	4
234	194	2
82	794	1
32	796	1
10	256	2
210	79	1
109	804	4
7	538	9
148	374	1
300	494	2
241	16	1
226	57	1
128	259	1
241	572	1
278	111	1
64	761	1
221	990	1
66	212	1
265	879	4
237	991	1
266	791	1
284	880	1
111	912	2
228	553	1
270	851	1
194	143	1
44	467	1
251	493	1
21	100	1
94	677	1
234	114	1
124	699	1
47	964	1
112	526	1
241	384	4
279	367	3
136	161	1
177	38	1
252	691	1
186	272	1
263	261	1
23	446	2
8	903	1
12	460	1
135	743	1
156	545	1
28	73	3
237	906	1
134	787	8
222	895	1
37	965	1
104	131	1
187	998	1
252	408	9
8	527	1
42	133	1
101	58	1
145	505	1
216	404	1
291	866	1
203	12	1
165	422	1
115	986	1
242	82	1
122	638	1
213	709	1
111	852	1
131	734	2
85	519	1
255	871	1
81	845	5
217	768	1
49	610	1
96	480	1
287	99	1
296	975	1
129	314	1
32	497	1
208	317	1
38	82	7
121	443	1
251	601	1
214	648	1
36	742	1
171	634	2
20	626	1
140	465	7
225	696	1
106	461	1
291	760	1
100	659	1
124	380	1
148	716	1
96	496	8
48	586	1
263	689	1
40	125	1
123	363	1
245	718	1
261	121	1
147	11	1
33	118	1
58	178	1
106	906	1
140	969	1
87	500	1
180	150	1
98	644	1
7	944	1
60	389	1
182	368	1
67	763	1
154	706	1
70	425	1
182	797	3
284	154	1
81	11	1
204	161	1
212	516	1
34	832	1
95	946	4
70	148	1
263	512	1
275	712	1
191	643	1
73	917	2
89	173	1
227	772	1
151	709	1
179	429	1
48	46	1
3	23	1
220	619	1
151	914	1
299	445	3
58	989	1
86	882	1
267	280	5
273	613	1
38	5	1
295	499	1
194	610	1
227	463	1
63	683	1
126	573	3
247	943	1
24	20	1
188	268	9
289	720	1
110	524	3
15	534	1
146	979	2
84	5	1
181	708	9
68	75	1
168	524	4
102	346	1
135	991	1
8	157	1
134	753	1
59	333	1
286	671	1
49	791	1
99	84	5
274	360	1
144	144	1
25	518	1
192	13	1
66	186	1
158	141	1
192	60	6
220	151	1
124	208	1
192	260	1
189	879	1
167	25	1
90	134	1
253	502	1
236	201	1
208	320	1
228	352	1
258	491	1
77	679	1
189	137	1
195	982	1
138	519	1
130	299	4
226	867	1
165	863	7
46	720	3
230	135	2
179	684	1
180	225	1
166	379	3
266	616	3
219	768	1
13	248	1
11	739	1
283	972	1
152	792	1
107	872	1
256	482	4
30	931	1
257	438	1
199	998	4
258	855	1
77	622	2
73	434	1
95	162	1
245	337	1
77	563	1
175	256	1
34	308	3
120	339	1
269	649	1
279	557	1
125	34	1
79	738	1
139	462	1
132	779	1
225	580	1
278	572	1
205	427	1
230	243	1
30	166	1
181	738	2
178	201	1
115	251	1
298	669	1
25	868	3
126	346	2
106	870	1
226	725	1
299	401	1
184	586	1
178	708	2
190	496	3
31	654	3
110	852	1
19	471	1
58	21	1
88	81	4
21	203	1
242	167	1
224	727	1
190	723	1
252	205	1
98	577	1
111	700	1
200	179	1
48	713	1
197	772	1
47	666	1
92	987	1
255	179	1
71	104	1
84	329	2
177	33	2
64	356	1
128	237	1
247	688	1
117	790	1
193	192	6
25	337	10
45	657	1
28	281	1
93	37	1
112	936	1
293	518	1
62	915	1
174	79	2
147	631	1
296	161	1
2	839	1
161	186	3
264	813	1
188	785	1
72	528	1
257	179	1
270	426	1
103	220	1
80	537	3
167	440	1
89	464	1
128	912	1
220	104	1
212	720	1
23	868	1
6	301	1
194	495	4
151	509	1
46	557	1
119	717	1
56	703	9
131	409	1
107	226	1
275	560	1
136	721	1
287	796	1
161	688	1
284	945	6
172	241	1
190	673	6
72	217	1
14	960	9
34	51	1
252	818	1
142	686	2
124	460	1
142	32	1
178	545	3
105	832	2
253	621	1
196	982	1
24	1000	1
263	843	1
111	332	1
18	310	3
186	350	6
82	915	1
30	448	2
260	408	1
286	641	1
80	977	1
241	374	1
15	795	1
96	641	1
199	570	1
41	237	3
229	7	1
169	939	1
268	71	10
152	168	1
78	55	1
57	745	1
272	101	1
221	400	1
144	990	1
172	996	1
32	22	1
275	303	1
240	296	1
133	131	2
153	760	1
137	745	1
156	321	1
190	977	1
199	610	1
191	178	1
64	954	3
211	458	1
287	406	1
237	806	1
211	68	4
46	221	1
248	812	1
230	316	1
262	523	1
85	280	1
88	456	1
126	507	1
222	669	1
68	789	1
152	373	1
166	294	2
136	201	4
241	774	5
32	230	1
182	762	1
247	390	4
85	344	1
262	381	1
291	611	1
208	344	1
78	278	4
236	647	9
155	635	1
292	446	1
5	44	1
38	482	1
293	105	1
90	575	1
104	786	1
86	512	7
108	925	1
32	632	1
242	64	1
217	36	7
230	603	1
27	647	1
10	56	5
204	342	1
25	497	1
267	887	4
252	596	1
142	206	1
120	934	1
293	804	8
40	987	8
139	622	5
231	814	1
62	481	7
55	927	1
292	476	1
105	430	7
124	152	1
79	911	1
204	939	1
295	43	1
102	873	1
183	173	1
219	149	1
116	106	1
78	876	1
258	679	1
278	820	9
223	61	5
5	344	1
282	83	1
174	136	1
62	377	1
299	645	2
93	110	1
237	692	1
276	706	8
224	100	1
111	616	1
257	868	1
139	220	1
116	906	4
125	933	1
73	932	1
6	801	1
232	89	1
3	181	7
167	645	1
185	869	1
199	405	1
84	623	1
244	604	1
128	688	1
6	967	1
252	993	1
247	470	1
292	410	1
111	495	1
192	285	1
93	801	1
10	472	1
16	91	1
200	666	1
259	818	2
16	249	1
290	895	9
193	781	1
5	262	1
173	580	1
274	59	1
64	753	1
226	30	1
211	351	7
100	525	1
62	350	1
266	510	5
137	78	1
88	10	1
63	517	1
10	282	1
145	791	1
111	182	1
297	778	1
28	866	1
236	161	1
254	802	1
92	780	1
63	403	1
9	64	1
281	384	5
216	228	1
51	368	1
134	964	1
8	919	2
105	215	1
72	516	1
118	622	9
261	15	7
136	496	1
248	478	1
188	521	7
27	432	1
10	440	1
229	631	1
280	875	4
166	565	4
72	157	2
64	495	6
128	197	1
167	616	1
80	745	1
189	196	1
12	176	7
225	701	1
84	838	1
46	340	6
155	87	3
28	130	1
98	607	1
49	24	1
37	361	1
76	198	1
16	323	1
78	781	1
209	93	1
231	429	1
163	250	2
193	509	4
28	912	1
242	58	2
166	751	1
87	432	1
43	290	1
16	960	1
119	337	5
160	8	1
241	914	1
2	428	1
91	705	1
4	753	1
283	919	1
212	964	4
197	571	1
138	705	1
63	569	2
285	150	1
160	803	1
22	23	1
91	219	1
140	819	1
197	154	2
264	870	1
138	264	4
250	757	1
129	484	1
238	885	1
116	667	3
65	463	1
279	956	7
184	301	1
250	62	8
6	580	1
293	813	1
33	189	1
231	311	1
51	697	1
260	571	1
103	500	1
157	885	2
160	550	2
217	879	9
181	955	1
227	387	1
196	529	1
96	28	10
253	394	1
132	249	3
19	338	1
56	474	1
33	93	1
42	534	3
157	70	1
282	38	1
156	886	1
2	831	3
33	382	1
182	855	1
87	687	1
72	500	1
250	567	3
281	709	3
248	313	1
217	688	1
167	330	7
264	832	1
40	84	1
97	24	1
15	267	1
87	643	1
287	115	1
173	602	5
160	497	1
32	432	2
85	275	1
279	729	1
42	483	1
46	410	1
232	170	1
229	18	3
253	62	1
62	706	1
154	483	1
298	339	1
283	391	1
140	446	1
235	190	1
108	542	1
245	783	1
38	850	1
105	518	1
56	767	1
123	6	1
42	191	4
244	91	1
257	28	7
282	381	1
34	518	1
268	773	1
253	490	1
73	40	1
9	835	1
82	768	9
128	826	1
25	234	1
296	169	1
121	961	2
77	233	6
36	613	1
176	385	1
241	299	1
194	364	2
297	252	1
42	731	1
113	843	5
158	134	1
204	470	1
45	169	1
174	948	1
6	601	1
214	223	1
230	678	2
34	965	1
266	572	1
152	542	1
148	524	1
289	748	1
190	579	6
250	663	1
52	940	6
178	662	1
263	871	1
119	570	1
180	969	1
107	730	1
296	229	2
67	587	1
154	119	1
52	5	1
182	467	1
65	756	1
266	843	3
72	363	1
277	859	1
158	602	1
298	298	1
70	300	1
212	461	1
22	208	1
85	902	1
174	474	1
194	769	1
58	152	1
57	955	1
63	143	1
152	835	1
66	204	1
76	413	1
11	956	1
172	433	1
92	223	1
145	371	1
294	987	1
209	373	1
254	514	1
2	569	1
134	420	1
295	980	2
154	106	8
218	919	1
82	515	5
149	730	1
244	472	1
254	471	1
182	43	1
183	880	1
166	282	1
59	605	1
216	161	1
151	971	1
116	102	1
155	601	2
181	490	1
158	850	1
80	426	1
37	881	1
211	568	6
185	279	1
219	590	1
129	709	1
72	968	1
198	987	1
286	737	1
194	272	1
122	306	1
260	156	1
291	473	1
195	5	1
172	827	1
242	36	1
71	81	1
137	238	1
298	682	2
215	8	1
174	676	1
116	72	5
87	950	1
120	646	1
161	542	1
299	76	1
9	689	1
11	177	1
248	220	1
84	724	1
2	298	1
183	183	1
255	799	1
177	307	1
156	111	2
202	580	1
220	145	1
128	743	1
299	177	1
105	248	1
149	559	1
287	810	1
274	22	1
93	7	1
100	930	3
22	447	1
266	952	1
1	598	1
143	86	2
215	789	1
3	909	9
61	240	1
176	825	1
116	839	1
58	262	1
218	399	1
196	716	1
267	643	9
142	349	1
229	914	4
65	197	1
282	162	3
245	979	1
217	102	1
27	265	1
87	136	1
236	394	2
225	841	1
84	270	1
251	692	1
216	794	1
217	698	1
298	988	1
255	39	6
65	91	1
243	650	1
137	726	3
294	342	1
134	417	1
112	402	1
132	718	1
140	470	1
233	361	2
257	923	1
117	405	4
30	648	1
6	593	1
286	274	9
142	442	1
230	84	5
15	515	1
293	418	1
52	54	1
263	225	1
12	311	1
274	83	3
89	263	1
20	134	1
73	915	1
12	553	1
233	485	1
213	525	1
240	893	1
38	573	1
104	254	3
130	390	1
289	355	5
247	181	1
108	383	1
122	146	2
14	168	2
128	629	1
87	225	3
64	767	5
300	979	1
142	821	1
209	861	1
157	456	7
29	257	3
110	872	1
277	407	1
52	429	10
166	46	3
30	738	1
155	124	1
122	884	1
39	613	1
111	312	1
171	326	1
94	222	1
189	818	5
13	181	1
125	481	1
291	87	1
23	734	1
261	180	2
106	644	1
113	760	1
267	394	1
51	195	1
103	252	1
100	215	1
284	575	1
243	51	1
126	836	1
240	113	1
299	903	1
18	110	1
77	325	1
141	818	1
206	808	1
196	492	1
229	94	2
90	102	1
142	701	1
68	940	7
55	804	1
11	688	1
188	956	2
249	350	1
45	265	1
259	697	1
15	252	1
152	596	1
186	962	1
115	601	2
103	954	1
236	368	1
167	799	2
231	193	1
176	800	1
174	99	1
215	440	1
71	982	1
21	691	1
290	41	1
109	306	8
41	443	1
36	709	1
20	974	1
52	414	4
172	317	1
39	84	1
37	928	1
212	303	3
289	249	1
2	533	1
25	890	1
52	194	1
103	77	1
140	378	1
83	60	1
238	396	1
77	638	1
155	945	1
146	805	1
54	512	1
179	606	1
130	244	1
199	686	1
42	963	1
16	382	1
270	393	1
16	648	1
110	726	1
181	931	1
172	570	1
116	149	1
168	562	1
139	770	1
279	545	1
299	551	1
56	48	1
188	573	1
281	193	1
238	168	1
61	825	4
33	523	1
196	418	1
226	235	8
284	790	1
151	316	1
30	288	1
162	71	9
119	581	2
298	406	1
152	535	1
290	991	1
33	462	1
45	521	3
31	465	1
182	291	1
141	79	1
134	221	1
191	938	1
266	703	2
267	523	1
187	193	1
20	705	1
145	411	1
153	455	1
97	601	1
190	89	1
65	434	1
178	53	2
243	225	1
177	618	1
159	211	1
221	40	1
93	808	1
90	265	1
43	462	1
113	637	1
5	737	7
134	683	5
256	367	1
158	52	1
50	802	1
35	814	1
144	17	8
296	126	1
71	146	1
266	740	1
180	955	1
169	1	5
48	108	1
93	118	1
65	817	1
151	980	1
161	609	1
117	927	1
42	422	2
191	38	1
258	54	1
112	963	1
170	935	1
266	250	1
25	747	1
288	263	1
124	41	1
239	936	1
12	55	1
104	532	1
299	119	1
87	680	1
223	322	8
170	23	1
193	377	8
271	647	1
190	728	1
204	766	1
225	720	1
155	592	1
190	858	1
166	780	1
223	424	1
16	57	2
3	834	1
76	184	2
282	114	1
213	524	1
201	351	1
121	582	1
64	825	4
58	690	1
8	918	1
201	325	1
273	53	1
287	486	1
148	394	1
117	95	2
276	582	1
220	172	1
164	545	1
125	939	1
28	187	9
289	627	8
101	340	1
238	849	1
155	1	8
221	451	1
25	417	3
220	222	2
43	399	1
146	656	1
52	6	1
57	262	1
23	298	1
6	950	1
39	177	1
274	881	1
57	62	1
58	373	1
144	289	1
253	555	1
230	976	1
10	701	3
99	46	1
101	869	1
223	939	1
161	590	4
198	960	1
236	192	1
127	228	1
287	120	1
195	63	1
250	914	1
261	418	1
213	878	1
50	184	1
48	160	1
159	328	1
218	900	1
239	112	1
259	976	1
73	82	2
109	242	1
47	147	1
183	66	1
\.

-- fill table invoices (200)
\echo # filling table invoices (200)
COPY invoices (invid,ordid,amount,issued,due) FROM STDIN (ENCODING 'UTF-8');
1	23	97.97	2015-08-06	2016-08-18
2	12	67.60	2016-04-25	2016-02-07
3	45	1.22	2016-09-27	2015-01-24
4	34	811.7	2016-07-17	2016-07-19
5	67	441.16	2016-09-09	2015-01-08
6	56	376.22	2015-06-17	2016-01-18
7	89	1.38	2015-06-07	2016-03-10
8	78	522.19	2015-04-04	2015-06-14
9	235	816.55	2015-07-08	2016-02-22
10	224	501.60	2016-02-28	2015-05-11
11	257	9.32	2015-10-01	2015-11-26
12	246	1.25	2015-06-07	2015-05-24
13	279	4.15	2016-08-19	2016-03-26
14	268	648.89	2016-03-20	2015-08-28
15	1	146.79	2015-07-18	2015-08-11
16	290	4.79	2015-07-11	2015-05-18
17	147	424.59	2016-02-23	2016-02-11
18	136	1.90	2015-09-28	2016-06-12
19	169	285.61	2015-10-16	2016-03-14
20	158	889.71	2016-02-25	2016-08-30
21	191	933.69	2015-10-18	2015-12-02
22	180	5.62	2015-01-31	2015-01-25
23	213	1.80	2016-01-30	2015-04-18
24	202	14.31	2016-01-05	2015-02-17
25	59	4.70	2015-03-07	2016-03-19
26	48	1.99	2015-11-01	2016-09-10
27	81	508.62	2015-03-28	2016-09-05
28	70	740.15	2015-07-20	2015-08-30
29	103	137.52	2015-10-08	2015-03-30
30	92	193.64	2015-01-16	2016-08-16
31	125	91.89	2015-11-15	2016-05-11
32	114	1.99	2015-07-08	2016-08-31
33	75	3.74	2016-03-19	2015-09-22
34	64	49.22	2016-04-07	2016-05-05
35	97	79.67	2015-03-13	2015-09-30
36	86	1.45	2016-08-02	2015-10-01
37	119	5.81	2016-08-01	2016-02-21
38	108	819.66	2016-09-17	2016-04-26
39	141	510.3	2015-08-18	2016-05-23
40	130	1.90	2015-08-04	2016-04-23
41	287	634.63	2016-06-01	2015-04-18
42	276	541.61	2016-04-17	2015-12-29
43	9	318.47	2015-07-14	2015-01-23
44	298	2.11	2016-07-25	2015-04-23
45	31	16.79	2015-06-08	2016-05-28
46	20	201.96	2016-09-28	2015-06-04
47	53	1.64	2015-06-05	2016-05-28
48	42	164.39	2015-11-10	2015-03-16
49	199	9.41	2016-09-14	2015-04-08
50	188	659.9	2015-09-06	2016-03-24
51	221	88.18	2015-10-26	2016-08-27
52	210	91.52	2015-08-30	2015-07-16
53	243	2.10	2016-04-24	2016-01-20
54	232	1.19	2015-10-21	2016-01-03
55	265	3.9	2016-06-29	2015-11-03
56	254	6.58	2015-02-01	2016-05-31
57	111	99.81	2016-07-17	2016-08-18
58	100	1.79	2016-03-04	2016-07-27
59	133	79.49	2016-04-28	2015-03-14
60	122	1.89	2015-10-29	2015-02-20
61	155	217.55	2016-07-16	2015-09-19
62	144	1.37	2016-09-03	2016-02-26
63	177	289.68	2016-06-02	2016-02-20
64	166	67.31	2015-12-12	2016-03-23
65	127	711.12	2015-10-28	2016-01-12
66	116	257.59	2016-06-07	2015-05-04
67	149	573.33	2015-09-16	2015-12-28
68	138	25.5	2016-07-08	2015-12-19
69	171	1.60	2015-05-01	2016-01-29
70	160	717.45	2015-07-26	2015-12-29
71	193	29.6	2016-01-10	2015-07-28
72	182	877.97	2015-02-19	2015-04-30
73	39	23.92	2015-07-05	2016-02-11
74	28	466.71	2015-03-05	2015-11-08
75	61	59.96	2016-08-19	2016-03-14
76	50	370.10	2015-01-12	2015-07-19
77	83	176.33	2016-08-14	2016-05-15
78	72	804.67	2015-09-26	2015-05-15
79	105	233.50	2016-03-02	2015-03-24
80	94	567.61	2016-04-05	2015-03-29
81	251	103.9	2016-01-05	2015-12-29
82	240	2.36	2015-07-04	2015-04-27
83	273	356.20	2016-04-07	2016-03-19
84	262	344.19	2016-01-25	2015-10-05
85	295	13.62	2015-09-04	2015-08-23
86	284	1.74	2015-07-26	2015-09-12
87	17	259.4	2016-01-02	2016-04-01
88	6	35.62	2015-05-20	2016-07-27
89	163	517.59	2015-04-24	2016-01-06
90	152	1.88	2015-01-03	2016-04-26
91	185	1.33	2015-11-17	2015-12-22
92	174	30.39	2016-09-21	2015-12-30
93	207	841.68	2015-02-19	2016-04-05
94	196	73.40	2016-07-26	2016-07-31
95	229	21.12	2015-03-22	2016-02-20
96	218	612.79	2015-12-12	2015-08-15
97	179	1.58	2016-06-04	2015-02-08
98	168	18.65	2015-08-04	2016-06-01
99	201	552.95	2015-09-17	2015-10-28
100	190	35.4	2015-09-14	2016-06-14
101	223	2.53	2016-08-15	2015-11-08
102	212	1.9	2015-02-17	2015-03-03
103	245	53.96	2015-09-18	2015-08-13
104	234	1.63	2015-02-11	2015-11-26
105	91	6.79	2015-11-24	2016-06-01
106	80	32.62	2016-01-16	2016-07-17
107	113	190.67	2015-09-04	2015-02-22
108	102	3.64	2015-01-19	2015-12-26
109	135	3.91	2016-05-24	2015-09-08
110	124	52.98	2016-02-27	2015-03-17
111	157	38.22	2016-08-16	2016-05-31
112	146	776.7	2016-02-26	2016-01-18
113	3	894.61	2015-08-09	2015-09-16
114	292	740.77	2016-06-03	2016-09-01
115	25	548.5	2015-03-01	2015-04-06
116	14	176.86	2015-11-04	2016-05-14
117	47	64.12	2016-04-14	2015-12-27
118	36	1.38	2016-04-24	2015-06-07
119	69	212.18	2015-04-27	2016-02-08
120	58	27.91	2016-05-19	2016-04-13
121	215	876.7	2015-02-18	2015-02-24
122	204	11.90	2016-04-25	2016-05-21
123	237	1.2	2015-03-04	2016-02-21
124	226	2.62	2015-11-01	2016-03-21
125	259	654.73	2015-12-03	2016-07-24
126	248	21.73	2015-09-26	2016-04-28
127	281	71.48	2016-01-05	2015-05-05
128	270	868.82	2016-02-19	2015-09-14
129	115	1.97	2015-04-15	2015-07-31
130	104	65.61	2016-09-23	2015-06-25
131	137	3.58	2016-01-10	2015-07-08
132	126	68.66	2015-10-10	2016-02-17
133	159	109.26	2015-06-02	2016-09-09
134	148	29.1	2015-02-23	2015-01-02
135	181	1.66	2015-08-16	2016-02-09
136	170	382.19	2015-06-16	2015-05-06
137	27	796.57	2015-10-03	2016-05-14
138	16	1.87	2015-01-31	2016-03-14
139	49	143.93	2015-05-07	2016-05-02
140	38	1.94	2016-06-11	2015-09-25
141	71	576.73	2016-02-13	2015-06-03
142	60	2.17	2015-03-07	2016-01-19
143	93	301.21	2016-05-15	2015-07-04
144	82	598.8	2016-09-07	2015-11-26
145	239	77.79	2015-06-02	2015-04-07
146	228	1.8	2015-08-04	2015-06-15
147	261	2.77	2016-06-08	2015-08-29
148	250	49.49	2016-09-07	2015-02-14
149	283	400.99	2016-03-15	2016-04-15
150	272	10.6	2016-06-21	2015-03-20
151	5	70.39	2016-03-24	2016-02-18
152	294	1.69	2016-01-31	2015-06-01
153	151	71.21	2015-09-16	2015-12-21
154	140	926.89	2015-07-30	2015-02-27
155	173	85.31	2016-09-23	2015-06-11
156	162	350.14	2015-08-09	2015-03-29
157	195	292.85	2015-01-25	2015-03-06
158	184	1.90	2016-05-26	2016-05-01
159	217	238.29	2015-01-31	2016-04-15
160	206	193.42	2015-06-21	2015-01-18
161	167	380.28	2015-01-06	2016-07-15
162	156	1.75	2016-02-12	2015-09-03
163	189	231.71	2015-02-23	2016-03-06
164	178	9.84	2015-06-18	2016-08-01
165	211	306.83	2015-07-26	2016-03-10
166	200	120.1	2015-12-05	2016-06-01
167	233	105.84	2015-12-17	2015-03-24
168	222	256.4	2016-08-11	2016-02-12
169	79	1.63	2016-05-05	2016-07-25
170	68	739.97	2016-04-08	2015-09-30
171	101	12.41	2015-10-26	2016-02-29
172	90	649.58	2015-04-16	2016-03-02
173	123	208.6	2016-03-16	2015-07-22
174	112	42.60	2016-02-05	2015-02-15
175	145	107.82	2015-11-19	2015-10-07
176	134	42.93	2016-03-22	2016-04-26
177	291	293.25	2016-07-09	2016-01-20
178	280	1.28	2015-01-05	2015-08-11
179	13	220.11	2016-03-06	2016-03-07
180	2	1.54	2016-05-05	2016-05-08
181	35	449.36	2015-05-17	2015-02-13
182	24	783.14	2016-02-29	2015-01-02
183	57	53.94	2015-12-08	2016-08-12
184	46	84.17	2016-05-19	2016-02-05
185	203	588.69	2015-08-24	2016-08-02
186	192	1.31	2015-03-05	2015-11-02
187	225	959.35	2016-06-23	2015-11-02
188	214	52.40	2016-03-28	2016-03-22
189	247	903.81	2015-03-20	2016-03-14
190	236	12.1	2016-03-27	2016-05-05
191	269	5.67	2016-05-17	2015-05-09
192	258	4.51	2015-03-13	2016-03-13
193	219	958.38	2015-08-16	2015-11-20
194	208	129.26	2015-12-21	2015-11-07
195	241	1.20	2016-07-23	2016-05-04
196	230	30.55	2015-11-10	2015-10-07
197	263	221.39	2016-03-28	2015-05-24
198	252	64.53	2016-08-19	2016-05-03
199	285	794.46	2016-06-04	2015-08-06
200	274	2.3	2015-01-29	2015-09-06
\.

-- fill table payments (600)
\echo # filling table payments (600)
COPY payments (payid,tstamp,amount,invid) FROM STDIN (ENCODING 'UTF-8');
1	2015-11-07 11:48:00	2.23	52
2	2015-01-08 09:45:00	1.9	39
3	2016-06-14 21:19:00	362.3	14
4	2015-10-11 07:43:00	179.99	105
5	2016-06-30 19:55:00	1.51	23
6	2016-08-27 23:00:00	1.29	15
7	2015-09-15 12:08:00	1.80	63
8	2015-02-18 03:38:00	68.7	9
9	2016-04-26 06:37:00	1.87	195
10	2016-02-08 17:59:00	1.40	98
11	2015-05-17 22:24:00	14.8	121
12	2015-05-12 16:36:00	1.67	161
13	2016-08-28 13:32:00	455.68	109
14	2015-03-10 18:20:00	495.87	17
15	2015-10-11 03:01:00	765.87	24
16	2015-01-21 11:25:00	69.40	78
17	2015-01-02 23:06:00	616.19	8
18	2016-05-14 02:41:00	18.13	95
19	2016-02-12 21:22:00	3.47	7
20	2016-02-25 17:47:00	13.6	128
21	2015-01-31 00:53:00	39.62	36
22	2015-04-17 19:22:00	156.53	197
23	2015-10-01 07:05:00	28.30	171
24	2015-10-05 04:54:00	26.92	140
25	2016-07-01 18:08:00	128.92	198
26	2015-04-15 23:59:00	522.67	57
27	2015-10-10 21:49:00	577.6	21
28	2015-04-20 00:26:00	558.38	114
29	2016-03-21 06:04:00	13.6	70
30	2015-04-15 23:46:00	1.93	38
31	2016-01-27 08:18:00	859.75	113
32	2015-03-14 12:54:00	466.95	197
33	2016-02-26 23:08:00	29.35	162
34	2016-07-10 07:41:00	1.55	22
35	2015-01-18 06:42:00	500.74	171
36	2015-02-05 04:26:00	1.9	38
37	2015-03-17 06:15:00	4.76	75
38	2015-03-11 08:37:00	59.78	137
39	2015-04-17 20:48:00	1.31	69
40	2015-04-19 12:32:00	81.79	65
41	2015-07-20 22:36:00	529.82	187
42	2016-05-30 01:58:00	7.55	183
43	2015-06-22 17:51:00	93.72	145
44	2016-04-14 22:23:00	9.59	153
45	2015-10-27 05:40:00	15.91	160
46	2016-06-21 21:00:00	983.88	105
47	2016-03-27 17:42:00	19.52	135
48	2016-01-24 19:28:00	1.24	60
49	2015-09-26 17:17:00	51.90	121
50	2016-09-09 16:57:00	86.72	116
51	2015-06-02 07:52:00	120.73	141
52	2016-02-26 14:02:00	77.86	75
53	2016-08-27 10:52:00	21.68	11
54	2016-03-30 12:18:00	34.95	131
55	2015-07-28 20:20:00	1.26	10
56	2015-06-28 20:23:00	155.94	93
57	2016-01-07 22:06:00	50.51	53
58	2016-06-09 02:26:00	116.56	10
59	2016-04-14 20:01:00	79.77	4
60	2015-01-02 13:44:00	1.20	162
61	2016-02-06 19:34:00	583.48	161
62	2015-09-16 17:57:00	35.70	140
63	2015-10-15 01:03:00	77.35	8
64	2016-02-15 14:45:00	262.82	76
65	2015-08-27 07:35:00	7.68	17
66	2016-08-31 12:55:00	511.97	131
67	2015-05-18 15:11:00	709.64	71
68	2016-06-07 12:18:00	28.16	140
69	2016-05-11 21:15:00	841.32	80
70	2016-09-23 23:00:00	10.43	48
71	2015-05-21 23:20:00	185.47	177
72	2015-05-08 22:06:00	601.86	136
73	2015-09-17 21:23:00	1.15	62
74	2015-01-24 12:26:00	703.2	82
75	2016-07-06 10:11:00	409.59	195
76	2015-12-06 13:03:00	21.31	126
77	2015-06-09 06:49:00	1.60	160
78	2016-04-13 04:35:00	33.31	1
79	2015-06-18 06:59:00	46.63	117
80	2016-09-21 05:16:00	649.25	102
81	2015-03-01 21:34:00	35.87	77
82	2015-10-05 03:17:00	14.86	128
83	2016-07-08 03:16:00	75.65	105
84	2016-02-06 01:10:00	818.99	139
85	2016-02-01 13:57:00	24.25	124
86	2015-09-07 17:37:00	285.84	197
87	2016-06-29 04:58:00	34.8	13
88	2015-08-13 23:30:00	1.4	121
89	2015-10-12 09:03:00	175.97	162
90	2016-04-01 00:07:00	17.62	187
91	2015-10-09 07:28:00	61.93	177
92	2015-09-19 01:38:00	10.42	70
93	2015-04-18 09:42:00	20.62	138
94	2015-08-24 17:02:00	61.48	145
95	2015-07-18 01:05:00	1.5	115
96	2015-11-11 03:12:00	1.91	7
97	2015-04-27 03:06:00	7.44	97
98	2015-01-08 23:00:00	1.25	165
99	2015-04-08 00:29:00	25.90	124
100	2016-03-17 15:32:00	38.26	44
101	2015-07-10 18:42:00	418.10	37
102	2015-05-05 06:20:00	250.60	21
103	2016-08-14 17:31:00	2.97	118
104	2016-09-11 13:12:00	70.92	168
105	2015-02-10 21:19:00	1.5	101
106	2016-02-25 15:32:00	458.91	7
107	2016-06-07 16:05:00	45.73	123
108	2016-01-13 07:29:00	171.1	144
109	2015-06-21 12:39:00	1.43	136
110	2016-07-03 22:16:00	29.88	161
111	2015-01-08 04:18:00	54.80	29
112	2015-07-12 00:20:00	1.41	164
113	2015-07-27 09:53:00	776.38	28
114	2016-06-08 10:44:00	7.93	193
115	2015-04-02 15:06:00	911.12	32
116	2015-08-12 11:18:00	855.5	40
117	2015-11-23 07:15:00	5.1	189
118	2016-01-03 16:54:00	1.91	88
119	2015-11-09 05:28:00	28.3	128
120	2015-03-16 17:23:00	9.29	42
121	2015-04-11 06:55:00	1.62	120
122	2016-03-08 23:32:00	1.51	145
123	2015-06-26 18:08:00	58.23	45
124	2015-05-23 04:13:00	568.54	58
125	2015-06-09 04:31:00	1.2	78
126	2015-09-01 17:19:00	37.26	41
127	2015-01-20 18:30:00	1.52	21
128	2015-07-13 21:17:00	158.75	116
129	2016-09-02 21:18:00	236.7	21
130	2016-07-18 07:14:00	30.42	133
131	2016-07-31 01:10:00	46.74	61
132	2015-11-25 07:28:00	16.70	117
133	2015-11-06 13:50:00	856.30	59
134	2015-03-14 00:20:00	1.26	71
135	2015-03-07 16:13:00	2.32	156
136	2016-03-15 23:24:00	309.4	136
137	2015-04-01 23:03:00	1.53	57
138	2015-05-23 08:33:00	552.45	104
139	2015-01-17 19:05:00	1.35	91
140	2016-07-05 07:05:00	224.9	108
141	2015-10-18 23:10:00	483.56	41
142	2015-11-28 19:44:00	59.46	198
143	2015-12-13 02:49:00	670.25	62
144	2016-01-16 12:34:00	2.8	20
145	2016-01-05 07:33:00	253.56	77
146	2016-08-03 22:54:00	311.18	30
147	2015-07-29 08:28:00	36.34	17
148	2015-01-12 17:45:00	4.30	35
149	2015-03-29 15:23:00	956.12	96
150	2016-01-10 18:13:00	561.3	23
151	2016-03-20 18:56:00	1.66	173
152	2015-11-22 13:20:00	76.47	148
153	2015-08-16 09:05:00	1.14	196
154	2015-07-19 03:28:00	120.88	20
155	2015-04-16 14:49:00	445.76	63
156	2015-03-17 03:46:00	193.66	133
157	2016-09-15 04:40:00	873.59	161
158	2016-09-19 06:55:00	526.9	121
159	2015-04-19 21:52:00	1.91	72
160	2015-07-30 05:33:00	11.7	145
161	2015-03-27 12:00:00	64.71	87
162	2015-12-05 03:51:00	3.95	171
163	2016-07-03 00:31:00	571.43	17
164	2016-08-19 19:41:00	1.49	140
165	2015-09-20 10:15:00	1.77	26
166	2015-03-28 01:58:00	1.62	50
167	2015-04-25 01:19:00	972.44	137
168	2016-02-13 01:57:00	32.7	107
169	2015-05-26 09:44:00	6.15	190
170	2015-10-09 11:00:00	559.19	143
171	2016-06-14 14:36:00	419.16	39
172	2016-08-29 08:51:00	1.4	131
173	2015-08-18 12:03:00	754.53	139
174	2015-02-02 11:21:00	462.22	182
175	2015-03-29 07:16:00	281.7	4
176	2015-01-03 14:00:00	17.66	185
177	2015-01-23 11:51:00	5.70	131
178	2016-01-25 20:55:00	16.95	168
179	2015-02-18 23:48:00	211.34	102
180	2015-10-28 20:08:00	105.10	166
181	2015-09-04 06:45:00	375.59	137
182	2015-01-30 00:56:00	230.65	118
183	2015-11-23 07:27:00	841.12	65
184	2015-01-25 18:55:00	114.23	167
185	2016-07-17 17:10:00	13.67	84
186	2016-08-05 02:41:00	13.12	15
187	2015-12-03 16:26:00	2.66	81
188	2016-04-23 15:45:00	433.26	131
189	2016-01-11 11:05:00	681.79	135
190	2015-03-13 20:10:00	115.81	187
191	2015-04-15 11:09:00	62.1	33
192	2015-10-08 20:35:00	839.58	180
193	2015-04-01 06:41:00	3.39	59
194	2015-01-13 07:55:00	275.80	117
195	2015-04-13 08:31:00	480.8	87
196	2016-05-10 21:43:00	27.54	189
197	2015-01-26 07:35:00	1.46	98
198	2015-07-13 13:17:00	21.61	73
199	2016-04-15 00:47:00	255.41	186
200	2016-02-21 03:25:00	28.98	190
201	2016-07-03 16:41:00	434.98	111
202	2015-03-14 20:59:00	9.40	82
203	2015-01-29 09:24:00	61.93	189
204	2015-12-22 04:04:00	44.24	51
205	2015-08-21 17:43:00	448.90	65
206	2016-03-17 07:31:00	493.62	129
207	2016-04-27 13:42:00	9.56	87
208	2016-05-14 23:51:00	17.30	62
209	2016-08-21 02:03:00	1.31	17
210	2015-05-22 02:09:00	15.38	13
211	2015-12-08 06:54:00	22.25	5
212	2015-02-15 17:20:00	1.86	37
213	2015-02-27 23:01:00	362.46	3
214	2015-09-11 14:20:00	518.2	1
215	2015-05-04 13:23:00	23.15	187
216	2015-01-31 12:31:00	238.72	85
217	2015-04-07 20:12:00	3.84	60
218	2015-07-11 22:39:00	192.13	14
219	2016-08-13 20:52:00	173.99	85
220	2015-05-28 02:04:00	25.28	122
221	2015-08-01 11:08:00	5.75	79
222	2016-08-25 04:02:00	989.9	118
223	2015-06-17 14:38:00	34.89	75
224	2015-10-10 08:36:00	70.54	103
225	2016-01-02 14:04:00	49.27	121
226	2015-01-18 17:14:00	257.4	26
227	2016-08-19 18:33:00	24.75	154
228	2015-01-09 20:29:00	143.33	157
229	2015-05-26 21:33:00	16.76	51
230	2016-06-16 21:46:00	299.6	6
231	2016-06-05 10:31:00	871.26	163
232	2015-10-28 02:23:00	1.51	178
233	2016-05-16 00:10:00	788.54	85
234	2015-04-11 05:55:00	31.70	50
235	2016-05-12 20:21:00	21.81	183
236	2015-02-03 22:35:00	1.3	155
237	2015-01-14 04:32:00	1.64	178
238	2015-08-25 18:02:00	547.71	53
239	2016-04-17 02:55:00	932.63	190
240	2015-02-14 19:37:00	333.54	98
241	2016-09-29 20:51:00	620.70	174
242	2015-07-27 14:55:00	927.68	171
243	2015-06-02 20:34:00	684.60	185
244	2015-11-11 15:47:00	143.51	96
245	2016-03-05 12:09:00	75.4	164
246	2015-10-20 11:44:00	237.7	124
247	2015-01-18 22:54:00	38.4	65
248	2016-04-09 03:00:00	61.23	86
249	2015-10-15 12:14:00	166.69	57
250	2015-09-13 06:36:00	553.8	26
251	2015-02-05 18:54:00	951.10	24
252	2015-06-17 07:30:00	281.63	156
253	2015-11-28 06:13:00	1.31	103
254	2016-02-18 16:39:00	716.99	88
255	2016-09-29 01:30:00	669.51	14
256	2016-01-08 03:42:00	41.83	57
257	2015-12-08 04:56:00	16.40	165
258	2015-01-12 04:58:00	1.30	4
259	2015-07-15 09:45:00	17.45	71
260	2015-11-28 21:17:00	612.50	35
261	2015-08-26 01:12:00	2.24	160
262	2016-01-07 05:52:00	1.15	15
263	2016-06-10 03:04:00	2.10	162
264	2015-02-27 12:17:00	226.76	39
265	2015-11-13 19:33:00	382.76	107
266	2016-08-12 14:29:00	20.11	97
267	2016-05-08 00:06:00	38.1	139
268	2015-01-24 01:31:00	7.3	161
269	2016-05-30 23:53:00	1.95	32
270	2015-10-10 13:38:00	103.92	196
271	2015-03-03 15:14:00	438.90	5
272	2016-08-13 21:12:00	1.80	122
273	2016-06-12 13:38:00	580.27	81
274	2015-12-18 23:50:00	154.96	87
275	2015-02-08 13:46:00	35.16	59
276	2015-09-13 09:16:00	11.94	191
277	2015-05-30 13:41:00	41.30	92
278	2016-07-27 18:57:00	16.58	152
279	2016-06-08 09:23:00	36.2	45
280	2015-11-12 08:45:00	164.27	167
281	2016-01-19 19:44:00	13.64	148
282	2015-05-27 08:48:00	7.94	196
283	2015-11-27 07:15:00	16.29	102
284	2015-10-08 06:59:00	533.37	6
285	2015-01-03 18:03:00	876.42	97
286	2016-05-26 22:05:00	1.47	48
287	2016-01-03 01:22:00	2.23	129
288	2015-06-06 01:17:00	167.19	199
289	2016-05-12 15:48:00	294.63	152
290	2015-01-26 09:20:00	32.71	40
291	2016-07-22 01:06:00	2.49	112
292	2016-09-05 06:48:00	1.21	66
293	2016-01-02 10:32:00	224.77	95
294	2015-03-22 10:57:00	5.7	178
295	2016-01-10 09:22:00	40.20	72
296	2015-02-26 21:27:00	2.4	29
297	2015-12-11 16:32:00	1.62	64
298	2016-04-17 17:17:00	944.10	157
299	2016-02-13 14:46:00	641.89	117
300	2015-09-20 12:44:00	1.62	39
301	2016-05-28 08:25:00	1.52	118
302	2015-12-04 10:38:00	1.41	196
303	2015-12-23 10:21:00	4.38	147
304	2016-05-25 07:13:00	255.72	9
305	2016-08-10 18:03:00	69.39	13
306	2015-12-21 19:27:00	28.75	55
307	2015-12-02 14:01:00	155.39	188
308	2015-02-21 08:56:00	550.55	9
309	2015-04-12 06:48:00	40.75	126
310	2015-10-13 22:50:00	1.51	63
311	2016-05-13 23:46:00	561.54	171
312	2015-08-30 21:05:00	2.89	66
313	2015-06-09 16:56:00	5.60	185
314	2015-05-05 22:40:00	4.8	122
315	2016-06-22 16:06:00	1.45	57
316	2015-11-06 22:11:00	134.6	163
317	2015-10-07 15:35:00	539.77	8
318	2016-03-11 23:05:00	367.31	175
319	2015-06-04 04:15:00	45.1	139
320	2016-06-22 03:54:00	428.66	185
321	2015-02-04 00:59:00	103.53	111
322	2015-07-30 20:35:00	784.82	108
323	2015-09-02 10:03:00	64.86	27
324	2015-10-05 00:54:00	1.39	92
325	2015-11-28 08:10:00	20.58	113
326	2015-07-22 18:46:00	146.53	45
327	2016-09-05 10:48:00	1.13	183
328	2015-09-08 06:16:00	1.82	14
329	2016-02-05 12:28:00	54.63	172
330	2016-06-09 05:13:00	1.79	61
331	2016-01-15 17:16:00	257.95	125
332	2016-05-28 20:49:00	134.59	96
333	2015-01-29 10:29:00	31.19	79
334	2015-08-09 18:07:00	502.36	9
335	2016-08-05 21:41:00	845.54	188
336	2016-04-14 15:03:00	1.57	43
337	2015-06-04 10:12:00	18.16	67
338	2015-06-22 06:17:00	293.4	6
339	2016-03-31 09:03:00	170.59	112
340	2015-10-26 02:01:00	967.17	188
341	2016-08-06 09:20:00	835.99	168
342	2015-11-25 19:20:00	73.30	90
343	2016-06-21 18:43:00	4.56	103
344	2015-02-03 11:20:00	10.87	88
345	2015-05-27 04:42:00	1.44	7
346	2016-06-22 14:52:00	87.34	79
347	2015-02-27 19:02:00	66.20	181
348	2015-01-23 16:50:00	5.43	105
349	2015-06-21 12:29:00	68.56	11
350	2015-07-27 13:36:00	815.82	181
351	2016-08-13 19:43:00	30.59	33
352	2015-01-09 15:41:00	689.56	36
353	2016-05-02 12:05:00	61.41	21
354	2015-04-19 02:08:00	60.28	142
355	2015-12-05 20:40:00	5.30	183
356	2016-01-08 14:39:00	1.85	132
357	2015-09-05 23:59:00	678.79	68
358	2015-01-28 12:37:00	709.40	173
359	2015-11-20 23:31:00	106.98	189
360	2015-08-09 11:16:00	29.1	55
361	2015-11-18 21:46:00	28.34	75
362	2015-11-05 17:59:00	82.43	85
363	2016-01-29 18:11:00	1.85	62
364	2016-08-06 15:17:00	738.28	114
365	2015-02-27 16:53:00	446.2	26
366	2015-06-07 23:27:00	60.2	84
367	2015-03-10 00:02:00	1.51	54
368	2015-06-08 14:54:00	1.50	54
369	2016-01-18 04:24:00	10.40	44
370	2015-09-01 23:29:00	862.63	181
371	2016-02-01 23:14:00	5.5	19
372	2016-01-21 19:22:00	549.59	10
373	2015-06-12 04:18:00	2.25	195
374	2016-08-04 03:16:00	46.91	101
375	2016-03-01 05:25:00	265.80	100
376	2015-10-04 01:38:00	1.1	32
377	2016-04-25 01:24:00	855.67	105
378	2015-02-04 10:27:00	95.68	75
379	2016-06-02 17:58:00	189.55	116
380	2015-10-24 12:36:00	1.75	10
381	2016-01-11 04:25:00	25.98	63
382	2015-07-14 17:20:00	263.40	3
383	2015-04-13 05:06:00	6.55	149
384	2016-02-29 22:48:00	1.34	166
385	2015-08-20 01:44:00	775.88	28
386	2015-04-18 19:33:00	44.53	46
387	2016-03-20 11:45:00	480.81	21
388	2015-03-07 19:49:00	1.82	47
389	2016-02-14 20:47:00	199.24	71
390	2016-07-22 13:14:00	97.89	50
391	2016-09-23 15:14:00	44.73	101
392	2016-08-13 09:52:00	456.10	26
393	2016-05-18 04:24:00	246.85	42
394	2016-06-05 12:04:00	182.14	45
395	2016-08-30 14:10:00	4.76	84
396	2015-02-17 17:20:00	222.47	186
397	2016-04-10 15:52:00	203.52	96
398	2015-05-31 12:28:00	101.37	109
399	2015-06-08 17:36:00	211.19	182
400	2016-08-31 12:21:00	130.97	77
401	2015-01-25 10:30:00	8.26	143
402	2015-02-06 02:29:00	183.14	197
403	2016-09-05 23:49:00	48.55	143
404	2015-10-22 12:45:00	1.42	13
405	2016-03-21 05:27:00	61.17	109
406	2015-11-25 11:20:00	123.78	122
407	2016-05-01 08:46:00	612.25	178
408	2016-08-29 03:59:00	424.73	151
409	2016-05-30 10:23:00	4.10	161
410	2015-10-14 16:04:00	557.54	118
411	2016-07-15 22:18:00	242.7	152
412	2015-09-28 03:33:00	1.32	128
413	2016-04-22 04:21:00	29.50	66
414	2015-04-06 23:32:00	82.93	42
415	2015-08-12 06:38:00	41.34	187
416	2016-07-27 20:48:00	1.69	83
417	2015-03-04 18:46:00	5.76	119
418	2015-10-08 13:34:00	366.27	14
419	2016-02-08 09:28:00	923.23	87
420	2016-06-13 03:03:00	220.96	125
421	2015-03-23 01:03:00	13.43	9
422	2015-03-30 04:36:00	388.95	144
423	2016-07-25 07:27:00	1.95	136
424	2015-08-04 19:31:00	1.91	65
425	2015-08-10 03:46:00	815.16	134
426	2016-09-24 06:47:00	2.69	97
427	2016-05-19 23:26:00	157.38	183
428	2016-01-09 12:39:00	51.72	164
429	2016-04-03 19:21:00	579.61	48
430	2016-04-16 04:46:00	836.27	45
431	2015-09-09 21:26:00	148.97	102
432	2015-06-09 18:19:00	24.16	163
433	2015-12-25 21:49:00	27.52	73
434	2015-02-09 01:11:00	102.33	134
435	2016-08-15 03:22:00	1.48	116
436	2016-09-09 14:42:00	6.20	9
437	2015-03-27 07:05:00	1.88	198
438	2015-12-18 23:22:00	1.35	156
439	2016-08-12 13:45:00	1.96	34
440	2015-12-08 21:32:00	8.25	16
441	2015-07-22 06:37:00	8.22	174
442	2016-04-16 09:22:00	79.13	34
443	2015-09-06 05:10:00	500.62	162
444	2015-12-26 07:29:00	413.2	103
445	2016-02-04 23:55:00	475.73	116
446	2015-03-23 07:58:00	73.27	122
447	2016-02-25 21:58:00	4.3	19
448	2015-05-21 06:50:00	239.87	157
449	2015-05-18 22:19:00	1.20	47
450	2015-04-06 01:19:00	1.82	141
451	2015-11-25 02:56:00	3.62	156
452	2015-01-28 17:18:00	66.72	75
453	2016-08-23 02:21:00	777.76	58
454	2015-01-20 20:36:00	498.4	164
455	2015-01-26 03:34:00	58.42	46
456	2015-12-04 23:13:00	1.72	190
457	2015-08-20 18:59:00	214.27	151
458	2015-11-26 08:53:00	1.26	199
459	2015-01-17 07:43:00	24.69	170
460	2016-08-18 04:54:00	246.98	50
461	2015-01-20 07:25:00	43.31	178
462	2015-01-29 20:04:00	28.4	30
463	2015-10-12 07:58:00	325.82	150
464	2015-05-17 18:21:00	808.40	131
465	2015-07-17 16:55:00	52.20	88
466	2016-04-09 05:11:00	216.64	24
467	2016-03-09 19:28:00	20.62	169
468	2015-03-24 14:30:00	98.37	76
469	2016-09-14 18:13:00	6.21	47
470	2015-09-09 06:00:00	581.29	58
471	2015-07-10 05:59:00	485.67	73
472	2015-12-30 09:58:00	464.12	170
473	2015-07-17 12:35:00	4.40	118
474	2015-02-09 16:55:00	1.32	160
475	2015-11-13 20:34:00	751.23	70
476	2015-10-02 09:00:00	4.17	57
477	2016-08-27 16:55:00	73.72	69
478	2016-01-01 03:59:00	197.56	13
479	2015-10-06 06:10:00	3.38	164
480	2015-09-07 19:06:00	1.16	14
481	2015-03-23 07:02:00	195.4	42
482	2015-12-09 15:16:00	11.35	51
483	2016-04-04 11:20:00	818.9	156
484	2016-06-21 20:36:00	3.90	198
485	2015-04-05 10:45:00	379.4	132
486	2015-11-29 10:05:00	158.2	64
487	2016-05-11 03:17:00	972.29	195
488	2016-05-03 02:12:00	4.74	84
489	2015-11-17 07:20:00	2.56	162
490	2016-01-07 00:57:00	3.23	24
491	2016-01-29 04:03:00	2.43	174
492	2015-08-17 23:28:00	561.28	59
493	2015-09-14 23:56:00	249.52	138
494	2015-07-30 07:19:00	35.74	94
495	2015-02-15 19:24:00	118.79	50
496	2016-04-23 10:04:00	661.16	177
497	2015-12-07 11:53:00	1.81	131
498	2015-07-13 13:27:00	167.57	82
499	2015-10-20 11:34:00	419.3	78
500	2015-06-28 22:15:00	73.6	30
501	2015-10-08 05:13:00	674.58	19
502	2015-05-16 04:35:00	864.92	123
503	2015-11-14 20:54:00	98.67	8
504	2016-03-08 05:21:00	14.59	41
505	2016-05-06 23:54:00	2.76	112
506	2015-08-18 02:26:00	934.32	131
507	2015-09-11 01:15:00	982.96	2
508	2016-07-01 05:04:00	3.77	121
509	2015-03-29 07:13:00	269.91	129
510	2015-01-20 05:31:00	10.94	166
511	2016-06-25 08:58:00	90.24	62
512	2015-06-19 22:42:00	4.99	97
513	2016-02-20 23:38:00	798.90	8
514	2016-07-01 06:20:00	16.83	48
515	2016-05-13 05:08:00	58.82	152
516	2015-12-22 04:31:00	286.66	109
517	2015-12-15 02:47:00	73.16	176
518	2016-04-05 09:19:00	377.10	63
519	2016-08-03 14:01:00	330.72	55
520	2015-06-16 18:42:00	169.85	36
521	2016-07-19 06:25:00	300.35	25
522	2016-06-22 15:20:00	133.52	29
523	2016-01-13 23:42:00	5.51	147
524	2015-09-30 10:54:00	488.18	170
525	2015-07-06 06:39:00	381.83	112
526	2015-10-20 17:44:00	1.62	129
527	2015-09-10 20:14:00	11.52	27
528	2016-01-19 21:54:00	738.87	18
529	2016-06-26 15:54:00	434.38	118
530	2015-01-31 00:53:00	17.40	110
531	2016-09-03 17:48:00	248.81	127
532	2015-11-02 13:25:00	222.88	23
533	2015-04-20 18:12:00	450.26	88
534	2015-09-17 02:44:00	81.25	59
535	2015-02-01 00:06:00	55.28	4
536	2016-01-24 02:28:00	174.50	93
537	2015-10-26 07:53:00	409.41	157
538	2016-08-03 19:59:00	337.44	52
539	2015-07-15 16:00:00	231.95	51
540	2015-09-24 10:59:00	33.40	34
541	2016-09-07 00:44:00	363.72	81
542	2015-04-30 12:49:00	474.11	162
543	2016-02-04 05:24:00	617.8	153
544	2015-10-18 02:15:00	1.67	83
545	2015-10-13 21:02:00	6.53	13
546	2016-08-20 09:22:00	2.24	28
547	2015-02-03 01:13:00	1.44	154
548	2015-10-05 05:36:00	1.97	112
549	2016-05-05 12:55:00	1.74	59
550	2015-04-13 00:17:00	3.30	190
551	2015-12-22 07:19:00	2.7	118
552	2015-03-07 16:28:00	12.6	22
553	2016-03-04 05:46:00	375.34	113
554	2015-02-12 17:47:00	59.17	106
555	2015-03-03 02:58:00	996.5	79
556	2016-04-14 10:03:00	16.88	177
557	2016-09-12 22:40:00	176.3	4
558	2015-01-27 05:29:00	3.93	169
559	2016-04-11 07:49:00	269.42	95
560	2015-12-18 20:43:00	77.9	66
561	2016-08-19 17:40:00	1.88	56
562	2015-07-10 01:42:00	6.48	75
563	2015-07-15 09:33:00	682.66	25
564	2015-07-06 08:01:00	177.93	66
565	2015-08-15 20:26:00	48.94	21
566	2016-03-22 01:59:00	4.93	62
567	2016-06-17 03:01:00	15.68	7
568	2016-05-07 14:26:00	621.74	170
569	2016-05-28 05:09:00	1.30	167
570	2015-09-21 03:46:00	322.95	76
571	2015-06-08 21:53:00	33.95	31
572	2015-01-28 04:41:00	469.38	37
573	2016-07-28 15:36:00	10.45	13
574	2016-08-20 21:26:00	916.44	18
575	2016-05-21 08:32:00	1.63	134
576	2015-05-13 04:16:00	2.52	60
577	2016-04-18 08:31:00	1.22	74
578	2015-08-15 16:43:00	7.27	49
579	2016-05-02 05:08:00	1.45	126
580	2015-11-24 15:46:00	252.93	105
581	2016-01-03 07:50:00	1.9	170
582	2016-04-20 12:36:00	22.63	72
583	2015-06-05 19:28:00	1.98	101
584	2016-03-04 16:51:00	635.44	141
585	2016-05-10 11:49:00	751.89	128
586	2015-09-14 07:00:00	85.86	122
587	2015-01-22 01:20:00	930.12	26
588	2016-07-05 15:08:00	4.10	35
589	2016-02-06 11:38:00	174.89	160
590	2015-05-24 09:09:00	1.70	75
591	2016-03-31 18:14:00	1.60	22
592	2016-05-30 09:25:00	538.35	61
593	2015-01-12 12:36:00	723.72	46
594	2015-01-31 13:12:00	1.70	21
595	2015-09-11 16:28:00	42.71	103
596	2015-07-28 15:50:00	12.89	53
597	2016-08-21 01:55:00	1.78	79
598	2016-07-08 06:14:00	3.32	21
599	2015-03-15 04:13:00	408.33	55
600	2016-03-30 10:18:00	1.94	141
\.

-- restart sequences

-- analyze modified tables
ANALYZE customers;
ANALYZE products;
ANALYZE orders;
ANALYZE details;
ANALYZE invoices;
ANALYZE payments;
